Label	ImageSource
cars	/workspaces/ImageRecognition/images/cars/742.jpg
cars	/workspaces/ImageRecognition/images/cars/162.jpg
cars	/workspaces/ImageRecognition/images/cars/82.jpg
cars	/workspaces/ImageRecognition/images/cars/387.jpg
cars	/workspaces/ImageRecognition/images/cars/124.jpg
cars	/workspaces/ImageRecognition/images/cars/357.jpg
cars	/workspaces/ImageRecognition/images/cars/370.jpg
cars	/workspaces/ImageRecognition/images/cars/491.jpg
cars	/workspaces/ImageRecognition/images/cars/1310.jpg
cars	/workspaces/ImageRecognition/images/cars/15.jpg
cars	/workspaces/ImageRecognition/images/cars/192.jpg
cars	/workspaces/ImageRecognition/images/cars/222.jpg
cars	/workspaces/ImageRecognition/images/cars/159.jpg
cars	/workspaces/ImageRecognition/images/cars/676.jpg
cars	/workspaces/ImageRecognition/images/cars/455.jpg
cars	/workspaces/ImageRecognition/images/cars/476.jpg
cars	/workspaces/ImageRecognition/images/cars/91.jpg
cars	/workspaces/ImageRecognition/images/cars/1107.jpg
cars	/workspaces/ImageRecognition/images/cars/987.jpg
cars	/workspaces/ImageRecognition/images/cars/51.jpg
cars	/workspaces/ImageRecognition/images/cars/1309.jpg
cars	/workspaces/ImageRecognition/images/cars/50.jpg
cars	/workspaces/ImageRecognition/images/cars/149.jpg
cars	/workspaces/ImageRecognition/images/cars/1060.jpg
cars	/workspaces/ImageRecognition/images/cars/382.jpg
cars	/workspaces/ImageRecognition/images/cars/1101.jpg
cars	/workspaces/ImageRecognition/images/cars/606.jpg
cars	/workspaces/ImageRecognition/images/cars/213.jpg
cars	/workspaces/ImageRecognition/images/cars/770.jpg
cars	/workspaces/ImageRecognition/images/cars/134.jpg
cars	/workspaces/ImageRecognition/images/cars/414.jpg
cars	/workspaces/ImageRecognition/images/cars/188.jpg
cars	/workspaces/ImageRecognition/images/cars/257.jpg
cars	/workspaces/ImageRecognition/images/cars/287.jpg
cars	/workspaces/ImageRecognition/images/cars/230.jpg
cars	/workspaces/ImageRecognition/images/cars/594.jpg
cars	/workspaces/ImageRecognition/images/cars/203.jpg
cars	/workspaces/ImageRecognition/images/cars/983.jpg
cars	/workspaces/ImageRecognition/images/cars/698.jpg
cars	/workspaces/ImageRecognition/images/cars/1279.jpg
cars	/workspaces/ImageRecognition/images/cars/116.jpg
cars	/workspaces/ImageRecognition/images/cars/1043.jpg
cars	/workspaces/ImageRecognition/images/cars/882.jpg
cars	/workspaces/ImageRecognition/images/cars/564.jpg
cars	/workspaces/ImageRecognition/images/cars/432.jpg
cars	/workspaces/ImageRecognition/images/cars/165.jpg
cars	/workspaces/ImageRecognition/images/cars/720.jpg
cars	/workspaces/ImageRecognition/images/cars/3.jpg
cars	/workspaces/ImageRecognition/images/cars/1110.jpg
cars	/workspaces/ImageRecognition/images/cars/214.jpg
cars	/workspaces/ImageRecognition/images/cars/377.jpg
cars	/workspaces/ImageRecognition/images/cars/1055.jpg
cars	/workspaces/ImageRecognition/images/cars/465.jpg
cars	/workspaces/ImageRecognition/images/cars/848.jpg
cars	/workspaces/ImageRecognition/images/cars/458.jpg
cars	/workspaces/ImageRecognition/images/cars/29.jpg
cars	/workspaces/ImageRecognition/images/cars/221.jpg
cars	/workspaces/ImageRecognition/images/cars/261.jpg
cars	/workspaces/ImageRecognition/images/cars/128.jpg
cars	/workspaces/ImageRecognition/images/cars/955.jpg
cars	/workspaces/ImageRecognition/images/cars/25.jpg
cars	/workspaces/ImageRecognition/images/cars/64.jpg
cars	/workspaces/ImageRecognition/images/cars/70.jpg
cars	/workspaces/ImageRecognition/images/cars/982.jpg
cars	/workspaces/ImageRecognition/images/cars/1020.jpg
cars	/workspaces/ImageRecognition/images/cars/974.jpg
cars	/workspaces/ImageRecognition/images/cars/1086.jpg
cars	/workspaces/ImageRecognition/images/cars/101.jpg
cars	/workspaces/ImageRecognition/images/cars/54.jpg
cars	/workspaces/ImageRecognition/images/cars/85.jpg
cars	/workspaces/ImageRecognition/images/cars/1268.jpg
cars	/workspaces/ImageRecognition/images/cars/978.jpg
cars	/workspaces/ImageRecognition/images/cars/163.jpg
cars	/workspaces/ImageRecognition/images/cars/550.jpg
cars	/workspaces/ImageRecognition/images/cars/1282.jpg
cars	/workspaces/ImageRecognition/images/cars/319.jpg
cars	/workspaces/ImageRecognition/images/cars/27.jpg
cars	/workspaces/ImageRecognition/images/cars/658.jpg
cars	/workspaces/ImageRecognition/images/cars/1100.jpg
cars	/workspaces/ImageRecognition/images/cars/661.jpg
cars	/workspaces/ImageRecognition/images/cars/156.jpg
cars	/workspaces/ImageRecognition/images/cars/703.jpg
cars	/workspaces/ImageRecognition/images/cars/57.jpg
cars	/workspaces/ImageRecognition/images/cars/556.jpg
cars	/workspaces/ImageRecognition/images/cars/764.jpg
cars	/workspaces/ImageRecognition/images/cars/472.jpg
cars	/workspaces/ImageRecognition/images/cars/199.jpg
cars	/workspaces/ImageRecognition/images/cars/177.jpg
cars	/workspaces/ImageRecognition/images/cars/115.jpg
cars	/workspaces/ImageRecognition/images/cars/114.jpg
cars	/workspaces/ImageRecognition/images/cars/1077.jpg
cars	/workspaces/ImageRecognition/images/cars/323.jpg
cars	/workspaces/ImageRecognition/images/cars/769.jpg
cars	/workspaces/ImageRecognition/images/cars/205.jpg
cars	/workspaces/ImageRecognition/images/cars/1208.jpg
cars	/workspaces/ImageRecognition/images/cars/1222.jpg
cars	/workspaces/ImageRecognition/images/cars/628.jpg
cars	/workspaces/ImageRecognition/images/cars/283.jpg
cars	/workspaces/ImageRecognition/images/cars/713.jpg
cars	/workspaces/ImageRecognition/images/cars/352.jpg
cars	/workspaces/ImageRecognition/images/cars/1082.jpg
cars	/workspaces/ImageRecognition/images/cars/41.jpg
cars	/workspaces/ImageRecognition/images/cars/1066.jpg
cars	/workspaces/ImageRecognition/images/cars/670.jpg
cars	/workspaces/ImageRecognition/images/cars/1330.jpg
cars	/workspaces/ImageRecognition/images/cars/436.jpg
cars	/workspaces/ImageRecognition/images/cars/1220.jpg
cars	/workspaces/ImageRecognition/images/cars/709.jpg
cars	/workspaces/ImageRecognition/images/cars/204.jpg
cars	/workspaces/ImageRecognition/images/cars/543.jpg
cars	/workspaces/ImageRecognition/images/cars/514.jpg
cars	/workspaces/ImageRecognition/images/cars/565.jpg
cars	/workspaces/ImageRecognition/images/cars/958.jpg
cars	/workspaces/ImageRecognition/images/cars/869.jpg
cars	/workspaces/ImageRecognition/images/cars/299.jpg
cars	/workspaces/ImageRecognition/images/cars/89.jpg
cars	/workspaces/ImageRecognition/images/cars/5.jpg
cars	/workspaces/ImageRecognition/images/cars/132.jpg
cars	/workspaces/ImageRecognition/images/cars/232.jpg
cars	/workspaces/ImageRecognition/images/cars/558.jpg
cars	/workspaces/ImageRecognition/images/cars/809.jpg
cars	/workspaces/ImageRecognition/images/cars/830.jpg
cars	/workspaces/ImageRecognition/images/cars/1093.jpg
cars	/workspaces/ImageRecognition/images/cars/745.jpg
cars	/workspaces/ImageRecognition/images/cars/329.jpg
cars	/workspaces/ImageRecognition/images/cars/704.jpg
cars	/workspaces/ImageRecognition/images/cars/373.jpg
cars	/workspaces/ImageRecognition/images/cars/602.jpg
cars	/workspaces/ImageRecognition/images/cars/526.jpg
cars	/workspaces/ImageRecognition/images/cars/196.jpg
cars	/workspaces/ImageRecognition/images/cars/208.jpg
cars	/workspaces/ImageRecognition/images/cars/781.jpg
cars	/workspaces/ImageRecognition/images/cars/153.jpg
cars	/workspaces/ImageRecognition/images/cars/843.jpg
cars	/workspaces/ImageRecognition/images/cars/288.jpg
cars	/workspaces/ImageRecognition/images/cars/1270.jpg
cars	/workspaces/ImageRecognition/images/cars/641.jpg
cars	/workspaces/ImageRecognition/images/cars/1275.jpg
cars	/workspaces/ImageRecognition/images/cars/372.jpg
cars	/workspaces/ImageRecognition/images/cars/898.jpg
cars	/workspaces/ImageRecognition/images/cars/611.jpg
cars	/workspaces/ImageRecognition/images/cars/400.jpg
cars	/workspaces/ImageRecognition/images/cars/759.jpg
cars	/workspaces/ImageRecognition/images/cars/536.jpg
cars	/workspaces/ImageRecognition/images/cars/807.jpg
cars	/workspaces/ImageRecognition/images/cars/328.jpg
cars	/workspaces/ImageRecognition/images/cars/285.jpg
cars	/workspaces/ImageRecognition/images/cars/146.jpg
cars	/workspaces/ImageRecognition/images/cars/410.jpg
cars	/workspaces/ImageRecognition/images/cars/1284.jpg
cars	/workspaces/ImageRecognition/images/cars/816.jpg
cars	/workspaces/ImageRecognition/images/cars/379.jpg
cars	/workspaces/ImageRecognition/images/cars/1204.jpg
cars	/workspaces/ImageRecognition/images/cars/274.jpg
cars	/workspaces/ImageRecognition/images/cars/294.jpg
cars	/workspaces/ImageRecognition/images/cars/1274.jpg
cars	/workspaces/ImageRecognition/images/cars/275.jpg
cars	/workspaces/ImageRecognition/images/cars/404.jpg
cars	/workspaces/ImageRecognition/images/cars/291.jpg
cars	/workspaces/ImageRecognition/images/cars/1333.jpg
cars	/workspaces/ImageRecognition/images/cars/111.jpg
cars	/workspaces/ImageRecognition/images/cars/440.jpg
cars	/workspaces/ImageRecognition/images/cars/122.jpg
cars	/workspaces/ImageRecognition/images/cars/75.jpg
cars	/workspaces/ImageRecognition/images/cars/118.jpg
cars	/workspaces/ImageRecognition/images/cars/965.jpg
cars	/workspaces/ImageRecognition/images/cars/178.jpg
cars	/workspaces/ImageRecognition/images/cars/985.jpg
cars	/workspaces/ImageRecognition/images/cars/176.jpg
cars	/workspaces/ImageRecognition/images/cars/68.jpg
cars	/workspaces/ImageRecognition/images/cars/671.jpg
cars	/workspaces/ImageRecognition/images/cars/435.jpg
cars	/workspaces/ImageRecognition/images/cars/397.jpg
cars	/workspaces/ImageRecognition/images/cars/265.jpg
cars	/workspaces/ImageRecognition/images/cars/789.jpg
cars	/workspaces/ImageRecognition/images/cars/956.jpg
cars	/workspaces/ImageRecognition/images/cars/746.jpg
cars	/workspaces/ImageRecognition/images/cars/353.jpg
cars	/workspaces/ImageRecognition/images/cars/210.jpg
cars	/workspaces/ImageRecognition/images/cars/832.jpg
cars	/workspaces/ImageRecognition/images/cars/164.jpg
cars	/workspaces/ImageRecognition/images/cars/1297.jpg
cars	/workspaces/ImageRecognition/images/cars/719.jpg
cars	/workspaces/ImageRecognition/images/cars/727.jpg
cars	/workspaces/ImageRecognition/images/cars/1263.jpg
cars	/workspaces/ImageRecognition/images/cars/419.jpg
cars	/workspaces/ImageRecognition/images/cars/212.jpg
cars	/workspaces/ImageRecognition/images/cars/96.jpg
cars	/workspaces/ImageRecognition/images/cars/1106.jpg
cars	/workspaces/ImageRecognition/images/cars/571.jpg
cars	/workspaces/ImageRecognition/images/cars/1027.jpg
cars	/workspaces/ImageRecognition/images/cars/42.jpg
cars	/workspaces/ImageRecognition/images/cars/88.jpg
cars	/workspaces/ImageRecognition/images/cars/31.jpg
cars	/workspaces/ImageRecognition/images/cars/19.jpg
cars	/workspaces/ImageRecognition/images/cars/647.jpg
cars	/workspaces/ImageRecognition/images/cars/295.jpg
cars	/workspaces/ImageRecognition/images/cars/941.jpg
cars	/workspaces/ImageRecognition/images/cars/774.jpg
cars	/workspaces/ImageRecognition/images/cars/1272.jpg
cars	/workspaces/ImageRecognition/images/cars/1317.jpg
cars	/workspaces/ImageRecognition/images/cars/248.jpg
cars	/workspaces/ImageRecognition/images/cars/284.jpg
cars	/workspaces/ImageRecognition/images/cars/63.jpg
cars	/workspaces/ImageRecognition/images/cars/548.jpg
cars	/workspaces/ImageRecognition/images/cars/14.jpg
cars	/workspaces/ImageRecognition/images/cars/663.jpg
cars	/workspaces/ImageRecognition/images/cars/1084.jpg
cars	/workspaces/ImageRecognition/images/cars/137.jpg
cars	/workspaces/ImageRecognition/images/cars/141.jpg
cars	/workspaces/ImageRecognition/images/cars/167.jpg
cars	/workspaces/ImageRecognition/images/cars/891.jpg
cars	/workspaces/ImageRecognition/images/cars/895.jpg
cars	/workspaces/ImageRecognition/images/cars/920.jpg
cars	/workspaces/ImageRecognition/images/cars/591.jpg
cars	/workspaces/ImageRecognition/images/cars/97.jpg
cars	/workspaces/ImageRecognition/images/cars/926.jpg
cars	/workspaces/ImageRecognition/images/cars/689.jpg
cars	/workspaces/ImageRecognition/images/cars/525.jpg
cars	/workspaces/ImageRecognition/images/cars/952.jpg
cars	/workspaces/ImageRecognition/images/cars/396.jpg
cars	/workspaces/ImageRecognition/images/cars/403.jpg
cars	/workspaces/ImageRecognition/images/cars/648.jpg
cars	/workspaces/ImageRecognition/images/cars/121.jpg
cars	/workspaces/ImageRecognition/images/cars/351.jpg
cars	/workspaces/ImageRecognition/images/cars/886.jpg
cars	/workspaces/ImageRecognition/images/cars/433.jpg
cars	/workspaces/ImageRecognition/images/cars/154.jpg
cars	/workspaces/ImageRecognition/images/cars/1022.jpg
cars	/workspaces/ImageRecognition/images/cars/563.jpg
cars	/workspaces/ImageRecognition/images/cars/579.jpg
cars	/workspaces/ImageRecognition/images/cars/601.jpg
cars	/workspaces/ImageRecognition/images/cars/513.jpg
cars	/workspaces/ImageRecognition/images/cars/206.jpg
cars	/workspaces/ImageRecognition/images/cars/1025.jpg
cars	/workspaces/ImageRecognition/images/cars/1117.jpg
cars	/workspaces/ImageRecognition/images/cars/1002.jpg
cars	/workspaces/ImageRecognition/images/cars/292.jpg
cars	/workspaces/ImageRecognition/images/cars/1227.jpg
cars	/workspaces/ImageRecognition/images/cars/585.jpg
cars	/workspaces/ImageRecognition/images/cars/95.jpg
cars	/workspaces/ImageRecognition/images/cars/442.jpg
cars	/workspaces/ImageRecognition/images/cars/331.jpg
cars	/workspaces/ImageRecognition/images/cars/98.jpg
cars	/workspaces/ImageRecognition/images/cars/226.jpg
cars	/workspaces/ImageRecognition/images/cars/12.jpg
cars	/workspaces/ImageRecognition/images/cars/950.jpg
cars	/workspaces/ImageRecognition/images/cars/909.jpg
cars	/workspaces/ImageRecognition/images/cars/808.jpg
cars	/workspaces/ImageRecognition/images/cars/421.jpg
cars	/workspaces/ImageRecognition/images/cars/186.jpg
cars	/workspaces/ImageRecognition/images/cars/67.jpg
cars	/workspaces/ImageRecognition/images/cars/338.jpg
cars	/workspaces/ImageRecognition/images/cars/1251.jpg
cars	/workspaces/ImageRecognition/images/cars/632.jpg
cars	/workspaces/ImageRecognition/images/cars/630.jpg
cars	/workspaces/ImageRecognition/images/cars/66.jpg
cars	/workspaces/ImageRecognition/images/cars/399.jpg
cars	/workspaces/ImageRecognition/images/cars/147.jpg
cars	/workspaces/ImageRecognition/images/cars/531.jpg
cars	/workspaces/ImageRecognition/images/cars/609.jpg
cars	/workspaces/ImageRecognition/images/cars/80.jpg
cars	/workspaces/ImageRecognition/images/cars/1235.jpg
cars	/workspaces/ImageRecognition/images/cars/674.jpg
cars	/workspaces/ImageRecognition/images/cars/1241.jpg
cars	/workspaces/ImageRecognition/images/cars/336.jpg
cars	/workspaces/ImageRecognition/images/cars/81.jpg
cars	/workspaces/ImageRecognition/images/cars/520.jpg
cars	/workspaces/ImageRecognition/images/cars/553.jpg
cars	/workspaces/ImageRecognition/images/cars/71.jpg
cars	/workspaces/ImageRecognition/images/cars/705.jpg
cars	/workspaces/ImageRecognition/images/cars/191.jpg
cars	/workspaces/ImageRecognition/images/cars/209.jpg
cars	/workspaces/ImageRecognition/images/cars/282.jpg
cars	/workspaces/ImageRecognition/images/cars/478.jpg
cars	/workspaces/ImageRecognition/images/cars/47.jpg
cars	/workspaces/ImageRecognition/images/cars/1255.jpg
cars	/workspaces/ImageRecognition/images/cars/572.jpg
cars	/workspaces/ImageRecognition/images/cars/200.jpg
cars	/workspaces/ImageRecognition/images/cars/962.jpg
cars	/workspaces/ImageRecognition/images/cars/120.jpg
cars	/workspaces/ImageRecognition/images/cars/247.jpg
cars	/workspaces/ImageRecognition/images/cars/412.jpg
cars	/workspaces/ImageRecognition/images/cars/1006.jpg
cars	/workspaces/ImageRecognition/images/cars/608.jpg
cars	/workspaces/ImageRecognition/images/cars/624.jpg
cars	/workspaces/ImageRecognition/images/cars/990.jpg
cars	/workspaces/ImageRecognition/images/cars/948.jpg
cars	/workspaces/ImageRecognition/images/cars/700.jpg
cars	/workspaces/ImageRecognition/images/cars/841.jpg
cars	/workspaces/ImageRecognition/images/cars/792.jpg
cars	/workspaces/ImageRecognition/images/cars/73.jpg
cars	/workspaces/ImageRecognition/images/cars/659.jpg
cars	/workspaces/ImageRecognition/images/cars/276.jpg
cars	/workspaces/ImageRecognition/images/cars/123.jpg
cars	/workspaces/ImageRecognition/images/cars/1103.jpg
cars	/workspaces/ImageRecognition/images/cars/612.jpg
cars	/workspaces/ImageRecognition/images/cars/484.jpg
cars	/workspaces/ImageRecognition/images/cars/113.jpg
cars	/workspaces/ImageRecognition/images/cars/673.jpg
cars	/workspaces/ImageRecognition/images/cars/392.jpg
cars	/workspaces/ImageRecognition/images/cars/441.jpg
cars	/workspaces/ImageRecognition/images/cars/46.jpg
cars	/workspaces/ImageRecognition/images/cars/665.jpg
cars	/workspaces/ImageRecognition/images/cars/297.jpg
cars	/workspaces/ImageRecognition/images/cars/16.jpg
cars	/workspaces/ImageRecognition/images/cars/743.jpg
cars	/workspaces/ImageRecognition/images/cars/424.jpg
cars	/workspaces/ImageRecognition/images/cars/1032.jpg
cars	/workspaces/ImageRecognition/images/cars/568.jpg
cars	/workspaces/ImageRecognition/images/cars/1347.jpg
cars	/workspaces/ImageRecognition/images/cars/1114.jpg
cars	/workspaces/ImageRecognition/images/cars/306.jpg
cars	/workspaces/ImageRecognition/images/cars/138.jpg
cars	/workspaces/ImageRecognition/images/cars/679.jpg
cars	/workspaces/ImageRecognition/images/cars/324.jpg
cars	/workspaces/ImageRecognition/images/cars/604.jpg
cars	/workspaces/ImageRecognition/images/cars/567.jpg
cars	/workspaces/ImageRecognition/images/cars/133.jpg
cars	/workspaces/ImageRecognition/images/cars/824.jpg
cars	/workspaces/ImageRecognition/images/cars/135.jpg
cars	/workspaces/ImageRecognition/images/cars/361.jpg
cars	/workspaces/ImageRecognition/images/cars/1057.jpg
cars	/workspaces/ImageRecognition/images/cars/202.jpg
cars	/workspaces/ImageRecognition/images/cars/1038.jpg
cars	/workspaces/ImageRecognition/images/cars/599.jpg
cars	/workspaces/ImageRecognition/images/cars/562.jpg
cars	/workspaces/ImageRecognition/images/cars/262.jpg
cars	/workspaces/ImageRecognition/images/cars/1051.jpg
cars	/workspaces/ImageRecognition/images/cars/691.jpg
cars	/workspaces/ImageRecognition/images/cars/560.jpg
cars	/workspaces/ImageRecognition/images/cars/1202.jpg
cars	/workspaces/ImageRecognition/images/cars/308.jpg
cars	/workspaces/ImageRecognition/images/cars/260.jpg
cars	/workspaces/ImageRecognition/images/cars/58.jpg
cars	/workspaces/ImageRecognition/images/cars/23.jpg
cars	/workspaces/ImageRecognition/images/cars/1094.jpg
cars	/workspaces/ImageRecognition/images/cars/610.jpg
cars	/workspaces/ImageRecognition/images/cars/1059.jpg
cars	/workspaces/ImageRecognition/images/cars/173.jpg
cars	/workspaces/ImageRecognition/images/cars/301.jpg
cars	/workspaces/ImageRecognition/images/cars/233.jpg
cars	/workspaces/ImageRecognition/images/cars/218.jpg
cars	/workspaces/ImageRecognition/images/cars/220.jpg
cars	/workspaces/ImageRecognition/images/cars/300.jpg
cars	/workspaces/ImageRecognition/images/cars/207.jpg
cars	/workspaces/ImageRecognition/images/cars/405.jpg
cars	/workspaces/ImageRecognition/images/cars/506.jpg
cars	/workspaces/ImageRecognition/images/cars/752.jpg
cars	/workspaces/ImageRecognition/images/cars/1332.jpg
cars	/workspaces/ImageRecognition/images/cars/614.jpg
cars	/workspaces/ImageRecognition/images/cars/454.jpg
cars	/workspaces/ImageRecognition/images/cars/36.jpg
cars	/workspaces/ImageRecognition/images/cars/286.jpg
cars	/workspaces/ImageRecognition/images/cars/30.jpg
cars	/workspaces/ImageRecognition/images/cars/524.jpg
cars	/workspaces/ImageRecognition/images/cars/740.jpg
cars	/workspaces/ImageRecognition/images/cars/217.jpg
cars	/workspaces/ImageRecognition/images/cars/298.jpg
cars	/workspaces/ImageRecognition/images/cars/928.jpg
cars	/workspaces/ImageRecognition/images/cars/312.jpg
cars	/workspaces/ImageRecognition/images/cars/290.jpg
cars	/workspaces/ImageRecognition/images/cars/110.jpg
cars	/workspaces/ImageRecognition/images/cars/1080.jpg
cars	/workspaces/ImageRecognition/images/cars/296.jpg
cars	/workspaces/ImageRecognition/images/cars/523.jpg
cars	/workspaces/ImageRecognition/images/cars/43.jpg
cars	/workspaces/ImageRecognition/images/cars/870.jpg
cars	/workspaces/ImageRecognition/images/cars/310.jpg
cars	/workspaces/ImageRecognition/images/cars/65.jpg
cars	/workspaces/ImageRecognition/images/cars/253.jpg
cars	/workspaces/ImageRecognition/images/cars/651.jpg
cars	/workspaces/ImageRecognition/images/cars/474.jpg
cars	/workspaces/ImageRecognition/images/cars/313.jpg
cars	/workspaces/ImageRecognition/images/cars/55.jpg
cars	/workspaces/ImageRecognition/images/cars/957.jpg
cars	/workspaces/ImageRecognition/images/cars/1105.jpg
cars	/workspaces/ImageRecognition/images/cars/45.jpg
cars	/workspaces/ImageRecognition/images/cars/239.jpg
cars	/workspaces/ImageRecognition/images/cars/224.jpg
cars	/workspaces/ImageRecognition/images/cars/236.jpg
cars	/workspaces/ImageRecognition/images/cars/581.jpg
cars	/workspaces/ImageRecognition/images/cars/318.jpg
cars	/workspaces/ImageRecognition/images/cars/251.jpg
cars	/workspaces/ImageRecognition/images/cars/1287.jpg
cars	/workspaces/ImageRecognition/images/cars/321.jpg
cars	/workspaces/ImageRecognition/images/cars/684.jpg
cars	/workspaces/ImageRecognition/images/cars/695.jpg
cars	/workspaces/ImageRecognition/images/cars/1073.jpg
cars	/workspaces/ImageRecognition/images/cars/1246.jpg
cars	/workspaces/ImageRecognition/images/cars/407.jpg
cars	/workspaces/ImageRecognition/images/cars/494.jpg
cars	/workspaces/ImageRecognition/images/cars/391.jpg
cars	/workspaces/ImageRecognition/images/cars/521.jpg
cars	/workspaces/ImageRecognition/images/cars/1075.jpg
cars	/workspaces/ImageRecognition/images/cars/590.jpg
cars	/workspaces/ImageRecognition/images/cars/38.jpg
cars	/workspaces/ImageRecognition/images/cars/828.jpg
cars	/workspaces/ImageRecognition/images/cars/849.jpg
cars	/workspaces/ImageRecognition/images/cars/168.jpg
cars	/workspaces/ImageRecognition/images/cars/94.jpg
cars	/workspaces/ImageRecognition/images/cars/35.jpg
cars	/workspaces/ImageRecognition/images/cars/596.jpg
cars	/workspaces/ImageRecognition/images/cars/356.jpg
cars	/workspaces/ImageRecognition/images/cars/994.jpg
cars	/workspaces/ImageRecognition/images/cars/190.jpg
cars	/workspaces/ImageRecognition/images/cars/434.jpg
cars	/workspaces/ImageRecognition/images/cars/578.jpg
cars	/workspaces/ImageRecognition/images/cars/385.jpg
cars	/workspaces/ImageRecognition/images/cars/931.jpg
cars	/workspaces/ImageRecognition/images/cars/1008.jpg
cars	/workspaces/ImageRecognition/images/cars/369.jpg
cars	/workspaces/ImageRecognition/images/cars/615.jpg
cars	/workspaces/ImageRecognition/images/cars/1262.jpg
cars	/workspaces/ImageRecognition/images/cars/654.jpg
cars	/workspaces/ImageRecognition/images/cars/314.jpg
cars	/workspaces/ImageRecognition/images/cars/456.jpg
cars	/workspaces/ImageRecognition/images/cars/569.jpg
cars	/workspaces/ImageRecognition/images/cars/394.jpg
cars	/workspaces/ImageRecognition/images/cars/6.jpg
cars	/workspaces/ImageRecognition/images/cars/804.jpg
cars	/workspaces/ImageRecognition/images/cars/856.jpg
cars	/workspaces/ImageRecognition/images/cars/587.jpg
cars	/workspaces/ImageRecognition/images/cars/384.jpg
cars	/workspaces/ImageRecognition/images/cars/342.jpg
cars	/workspaces/ImageRecognition/images/cars/1232.jpg
cars	/workspaces/ImageRecognition/images/cars/913.jpg
cars	/workspaces/ImageRecognition/images/cars/723.jpg
cars	/workspaces/ImageRecognition/images/cars/468.jpg
cars	/workspaces/ImageRecognition/images/cars/763.jpg
cars	/workspaces/ImageRecognition/images/cars/992.jpg
cars	/workspaces/ImageRecognition/images/cars/1012.jpg
cars	/workspaces/ImageRecognition/images/cars/109.jpg
cars	/workspaces/ImageRecognition/images/cars/1003.jpg
cars	/workspaces/ImageRecognition/images/cars/363.jpg
cars	/workspaces/ImageRecognition/images/cars/242.jpg
cars	/workspaces/ImageRecognition/images/cars/33.jpg
cars	/workspaces/ImageRecognition/images/cars/863.jpg
cars	/workspaces/ImageRecognition/images/cars/166.jpg
cars	/workspaces/ImageRecognition/images/cars/1064.jpg
cars	/workspaces/ImageRecognition/images/cars/304.jpg
cars	/workspaces/ImageRecognition/images/cars/724.jpg
cars	/workspaces/ImageRecognition/images/cars/273.jpg
cars	/workspaces/ImageRecognition/images/cars/866.jpg
cars	/workspaces/ImageRecognition/images/cars/279.jpg
cars	/workspaces/ImageRecognition/images/cars/872.jpg
cars	/workspaces/ImageRecognition/images/cars/155.jpg
cars	/workspaces/ImageRecognition/images/cars/129.jpg
cars	/workspaces/ImageRecognition/images/cars/235.jpg
cars	/workspaces/ImageRecognition/images/cars/1292.jpg
cars	/workspaces/ImageRecognition/images/cars/1283.jpg
cars	/workspaces/ImageRecognition/images/cars/87.jpg
cars	/workspaces/ImageRecognition/images/cars/492.jpg
cars	/workspaces/ImageRecognition/images/cars/845.jpg
cars	/workspaces/ImageRecognition/images/cars/776.jpg
cars	/workspaces/ImageRecognition/images/cars/60.jpg
cars	/workspaces/ImageRecognition/images/cars/83.jpg
cars	/workspaces/ImageRecognition/images/cars/697.jpg
cars	/workspaces/ImageRecognition/images/cars/69.jpg
cars	/workspaces/ImageRecognition/images/cars/359.jpg
cars	/workspaces/ImageRecognition/images/cars/216.jpg
cars	/workspaces/ImageRecognition/images/cars/252.jpg
cars	/workspaces/ImageRecognition/images/cars/264.jpg
cars	/workspaces/ImageRecognition/images/cars/401.jpg
cars	/workspaces/ImageRecognition/images/cars/1053.jpg
cars	/workspaces/ImageRecognition/images/cars/1260.jpg
cars	/workspaces/ImageRecognition/images/cars/355.jpg
cars	/workspaces/ImageRecognition/images/cars/237.jpg
cars	/workspaces/ImageRecognition/images/cars/675.jpg
cars	/workspaces/ImageRecognition/images/cars/229.jpg
cars	/workspaces/ImageRecognition/images/cars/345.jpg
cars	/workspaces/ImageRecognition/images/cars/267.jpg
cars	/workspaces/ImageRecognition/images/cars/254.jpg
cars	/workspaces/ImageRecognition/images/cars/76.jpg
cars	/workspaces/ImageRecognition/images/cars/148.jpg
cars	/workspaces/ImageRecognition/images/cars/316.jpg
cars	/workspaces/ImageRecognition/images/cars/677.jpg
cars	/workspaces/ImageRecognition/images/cars/170.jpg
cars	/workspaces/ImageRecognition/images/cars/130.jpg
cars	/workspaces/ImageRecognition/images/cars/1336.jpg
cars	/workspaces/ImageRecognition/images/cars/271.jpg
cars	/workspaces/ImageRecognition/images/cars/1248.jpg
cars	/workspaces/ImageRecognition/images/cars/126.jpg
cars	/workspaces/ImageRecognition/images/cars/39.jpg
cars	/workspaces/ImageRecognition/images/cars/56.jpg
cars	/workspaces/ImageRecognition/images/cars/426.jpg
cars	/workspaces/ImageRecognition/images/cars/813.jpg
cars	/workspaces/ImageRecognition/images/cars/160.jpg
cars	/workspaces/ImageRecognition/images/cars/448.jpg
cars	/workspaces/ImageRecognition/images/cars/706.jpg
cars	/workspaces/ImageRecognition/images/cars/580.jpg
cars	/workspaces/ImageRecognition/images/cars/899.jpg
cars	/workspaces/ImageRecognition/images/cars/925.jpg
cars	/workspaces/ImageRecognition/images/cars/1265.jpg
cars	/workspaces/ImageRecognition/images/cars/307.jpg
cars	/workspaces/ImageRecognition/images/cars/1224.jpg
cars	/workspaces/ImageRecognition/images/cars/194.jpg
cars	/workspaces/ImageRecognition/images/cars/144.jpg
cars	/workspaces/ImageRecognition/images/cars/326.jpg
cars	/workspaces/ImageRecognition/images/cars/462.jpg
cars	/workspaces/ImageRecognition/images/cars/143.jpg
cars	/workspaces/ImageRecognition/images/cars/837.jpg
cars	/workspaces/ImageRecognition/images/cars/1037.jpg
cars	/workspaces/ImageRecognition/images/cars/662.jpg
cars	/workspaces/ImageRecognition/images/cars/112.jpg
cars	/workspaces/ImageRecognition/images/cars/228.jpg
cars	/workspaces/ImageRecognition/images/cars/362.jpg
cars	/workspaces/ImageRecognition/images/cars/48.jpg
cars	/workspaces/ImageRecognition/images/cars/650.jpg
cars	/workspaces/ImageRecognition/images/cars/223.jpg
cars	/workspaces/ImageRecognition/images/cars/1092.jpg
cars	/workspaces/ImageRecognition/images/cars/711.jpg
cars	/workspaces/ImageRecognition/images/cars/243.jpg
cars	/workspaces/ImageRecognition/images/cars/1115.jpg
cars	/workspaces/ImageRecognition/images/cars/354.jpg
cars	/workspaces/ImageRecognition/images/cars/635.jpg
cars	/workspaces/ImageRecognition/images/cars/452.jpg
cars	/workspaces/ImageRecognition/images/cars/281.jpg
cars	/workspaces/ImageRecognition/images/cars/234.jpg
cars	/workspaces/ImageRecognition/images/cars/726.jpg
cars	/workspaces/ImageRecognition/images/cars/839.jpg
cars	/workspaces/ImageRecognition/images/cars/510.jpg
cars	/workspaces/ImageRecognition/images/cars/717.jpg
cars	/workspaces/ImageRecognition/images/cars/259.jpg
cars	/workspaces/ImageRecognition/images/cars/317.jpg
cars	/workspaces/ImageRecognition/images/cars/753.jpg
cars	/workspaces/ImageRecognition/images/cars/268.jpg
cars	/workspaces/ImageRecognition/images/cars/1291.jpg
cars	/workspaces/ImageRecognition/images/cars/340.jpg
cars	/workspaces/ImageRecognition/images/cars/195.jpg
cars	/workspaces/ImageRecognition/images/cars/193.jpg
cars	/workspaces/ImageRecognition/images/cars/900.jpg
cars	/workspaces/ImageRecognition/images/cars/938.jpg
cars	/workspaces/ImageRecognition/images/cars/61.jpg
cars	/workspaces/ImageRecognition/images/cars/119.jpg
cars	/workspaces/ImageRecognition/images/cars/666.jpg
cars	/workspaces/ImageRecognition/images/cars/692.jpg
cars	/workspaces/ImageRecognition/images/cars/360.jpg
cars	/workspaces/ImageRecognition/images/cars/1000.jpg
cars	/workspaces/ImageRecognition/images/cars/348.jpg
cars	/workspaces/ImageRecognition/images/cars/157.jpg
cars	/workspaces/ImageRecognition/images/cars/240.jpg
cars	/workspaces/ImageRecognition/images/cars/302.jpg
cars	/workspaces/ImageRecognition/images/cars/603.jpg
cars	/workspaces/ImageRecognition/images/cars/613.jpg
cars	/workspaces/ImageRecognition/images/cars/701.jpg
cars	/workspaces/ImageRecognition/images/cars/1085.jpg
cars	/workspaces/ImageRecognition/images/cars/104.jpg
cars	/workspaces/ImageRecognition/images/cars/278.jpg
cars	/workspaces/ImageRecognition/images/cars/151.jpg
cars	/workspaces/ImageRecognition/images/cars/187.jpg
cars	/workspaces/ImageRecognition/images/cars/626.jpg
cars	/workspaces/ImageRecognition/images/cars/366.jpg
cars	/workspaces/ImageRecognition/images/cars/1335.jpg
cars	/workspaces/ImageRecognition/images/cars/427.jpg
cars	/workspaces/ImageRecognition/images/cars/303.jpg
cars	/workspaces/ImageRecognition/images/cars/1030.jpg
cars	/workspaces/ImageRecognition/images/cars/908.jpg
cars	/workspaces/ImageRecognition/images/cars/117.jpg
cars	/workspaces/ImageRecognition/images/cars/984.jpg
cars	/workspaces/ImageRecognition/images/cars/21.jpg
cars	/workspaces/ImageRecognition/images/cars/425.jpg
cars	/workspaces/ImageRecognition/images/cars/102.jpg
cars	/workspaces/ImageRecognition/images/cars/1271.jpg
cars	/workspaces/ImageRecognition/images/cars/896.jpg
cars	/workspaces/ImageRecognition/images/cars/577.jpg
cars	/workspaces/ImageRecognition/images/cars/174.jpg
cars	/workspaces/ImageRecognition/images/cars/393.jpg
cars	/workspaces/ImageRecognition/images/cars/1299.jpg
cars	/workspaces/ImageRecognition/images/cars/450.jpg
cars	/workspaces/ImageRecognition/images/cars/386.jpg
cars	/workspaces/ImageRecognition/images/cars/622.jpg
cars	/workspaces/ImageRecognition/images/cars/59.jpg
cars	/workspaces/ImageRecognition/images/cars/1218.jpg
cars	/workspaces/ImageRecognition/images/cars/460.jpg
cars	/workspaces/ImageRecognition/images/cars/90.jpg
cars	/workspaces/ImageRecognition/images/cars/1072.jpg
cars	/workspaces/ImageRecognition/images/cars/575.jpg
cars	/workspaces/ImageRecognition/images/cars/175.jpg
cars	/workspaces/ImageRecognition/images/cars/502.jpg
cars	/workspaces/ImageRecognition/images/cars/838.jpg
cars	/workspaces/ImageRecognition/images/cars/99.jpg
cars	/workspaces/ImageRecognition/images/cars/62.jpg
cars	/workspaces/ImageRecognition/images/cars/172.jpg
cars	/workspaces/ImageRecognition/images/cars/349.jpg
cars	/workspaces/ImageRecognition/images/cars/1228.jpg
cars	/workspaces/ImageRecognition/images/cars/231.jpg
cars	/workspaces/ImageRecognition/images/cars/811.jpg
cars	/workspaces/ImageRecognition/images/cars/799.jpg
cars	/workspaces/ImageRecognition/images/cars/998.jpg
cars	/workspaces/ImageRecognition/images/cars/981.jpg
cars	/workspaces/ImageRecognition/images/cars/364.jpg
cars	/workspaces/ImageRecognition/images/cars/305.jpg
cars	/workspaces/ImageRecognition/images/cars/227.jpg
cars	/workspaces/ImageRecognition/images/cars/335.jpg
cars	/workspaces/ImageRecognition/images/cars/249.jpg
cars	/workspaces/ImageRecognition/images/cars/447.jpg
wolves	/workspaces/ImageRecognition/images/wolves/wolf-4166348__480.jpg
wolves	/workspaces/ImageRecognition/images/wolves/wolf-3335656__480.jpg
wolves	/workspaces/ImageRecognition/images/wolves/Img-3489.jpg
wolves	/workspaces/ImageRecognition/images/wolves/images55.jpg
wolves	/workspaces/ImageRecognition/images/wolves/images355.jpg
wolves	/workspaces/ImageRecognition/images/wolves/Img-2462.jpg
wolves	/workspaces/ImageRecognition/images/wolves/Img-1484.jpg
wolves	/workspaces/ImageRecognition/images/wolves/Img-4592.jpg
wolves	/workspaces/ImageRecognition/images/wolves/Img-4130.jpg
wolves	/workspaces/ImageRecognition/images/wolves/Img-4302.jpg
wolves	/workspaces/ImageRecognition/images/wolves/Img-5671.jpg
wolves	/workspaces/ImageRecognition/images/wolves/images19.jpg
wolves	/workspaces/ImageRecognition/images/wolves/wolf-1482481__480.jpg
wolves	/workspaces/ImageRecognition/images/wolves/wolf-2398147__480.jpg
wolves	/workspaces/ImageRecognition/images/wolves/images82.jpg
wolves	/workspaces/ImageRecognition/images/wolves/wolf-1583207__480.jpg
wolves	/workspaces/ImageRecognition/images/wolves/images173.jpg
wolves	/workspaces/ImageRecognition/images/wolves/images91.jpg
wolves	/workspaces/ImageRecognition/images/wolves/Img-5624.jpg
wolves	/workspaces/ImageRecognition/images/wolves/nature-3569122__480.jpg
wolves	/workspaces/ImageRecognition/images/wolves/grey-wolf-436127__480.jpg
wolves	/workspaces/ImageRecognition/images/wolves/images29.jpg
wolves	/workspaces/ImageRecognition/images/wolves/images275.jpg
wolves	/workspaces/ImageRecognition/images/wolves/images139.jpg
wolves	/workspaces/ImageRecognition/images/wolves/Img-10690.jpg
wolves	/workspaces/ImageRecognition/images/wolves/nature-3162008__480.jpg
wolves	/workspaces/ImageRecognition/images/wolves/wolf-1514782__480.jpg
wolves	/workspaces/ImageRecognition/images/wolves/Img-10031.jpg
wolves	/workspaces/ImageRecognition/images/wolves/Img-11946.jpg
wolves	/workspaces/ImageRecognition/images/wolves/images88.jpg
wolves	/workspaces/ImageRecognition/images/wolves/images188.jpg
wolves	/workspaces/ImageRecognition/images/wolves/Img-11796.jpg
wolves	/workspaces/ImageRecognition/images/wolves/Img-1256.jpg
wolves	/workspaces/ImageRecognition/images/wolves/wolf-3392044__480.jpg
wolves	/workspaces/ImageRecognition/images/wolves/wolf-1242285__480.jpg
wolves	/workspaces/ImageRecognition/images/wolves/images285.jpg
wolves	/workspaces/ImageRecognition/images/wolves/wolf-2878633__480.jpg
wolves	/workspaces/ImageRecognition/images/wolves/images352.jpg
wolves	/workspaces/ImageRecognition/images/wolves/Img-982.jpg
wolves	/workspaces/ImageRecognition/images/wolves/KolmC3A5rden_Wolf.jpg
wolves	/workspaces/ImageRecognition/images/wolves/Img-3308.jpg
wolves	/workspaces/ImageRecognition/images/wolves/Img-9707.jpg
wolves	/workspaces/ImageRecognition/images/wolves/Img-10848.jpg
wolves	/workspaces/ImageRecognition/images/wolves/images334.jpg
wolves	/workspaces/ImageRecognition/images/wolves/wolf-3270906__480.jpg
wolves	/workspaces/ImageRecognition/images/wolves/Img-3398.jpg
wolves	/workspaces/ImageRecognition/images/wolves/Img-4479.jpg
wolves	/workspaces/ImageRecognition/images/wolves/Img-6640.jpg
wolves	/workspaces/ImageRecognition/images/wolves/images4.jpg
wolves	/workspaces/ImageRecognition/images/wolves/images340.jpg
wolves	/workspaces/ImageRecognition/images/wolves/images266.jpg
wolves	/workspaces/ImageRecognition/images/wolves/Img-11433.jpg
wolves	/workspaces/ImageRecognition/images/wolves/Img-8106.jpg
wolves	/workspaces/ImageRecognition/images/wolves/wolf-652360__480.jpg
wolves	/workspaces/ImageRecognition/images/wolves/images217.jpg
wolves	/workspaces/ImageRecognition/images/wolves/image12.jpeg
wolves	/workspaces/ImageRecognition/images/wolves/wolf-2800401__480.jpg
wolves	/workspaces/ImageRecognition/images/wolves/animal-3200168__480.jpg
wolves	/workspaces/ImageRecognition/images/wolves/wolf-487531__480.jpg
wolves	/workspaces/ImageRecognition/images/wolves/wolf-2408477__480.jpg
wolves	/workspaces/ImageRecognition/images/wolves/wolf-1198295__480.jpg
wolves	/workspaces/ImageRecognition/images/wolves/Img-5610.jpg
wolves	/workspaces/ImageRecognition/images/wolves/images32.jpg
wolves	/workspaces/ImageRecognition/images/wolves/wolf-1504420__480.jpg
wolves	/workspaces/ImageRecognition/images/wolves/wolf-3585218__480.jpg
wolves	/workspaces/ImageRecognition/images/wolves/images345.jpg
wolves	/workspaces/ImageRecognition/images/wolves/wolf-3363696__480.jpg
wolves	/workspaces/ImageRecognition/images/wolves/Img-10469.jpg
wolves	/workspaces/ImageRecognition/images/wolves/lone-wolf-portrait-lonely-old-84568340.jpg
wolves	/workspaces/ImageRecognition/images/wolves/gray-wolf-tim-springer-wildearth-guardians.jpg
wolves	/workspaces/ImageRecognition/images/wolves/wolf-175871__480.jpg
wolves	/workspaces/ImageRecognition/images/wolves/picture-grey-wolf.jpg
wolves	/workspaces/ImageRecognition/images/wolves/Img-1323.jpg
wolves	/workspaces/ImageRecognition/images/wolves/Img-8345.jpg
wolves	/workspaces/ImageRecognition/images/wolves/images293.jpg
wolves	/workspaces/ImageRecognition/images/wolves/09e95736-bfac-11e9-8f25-9b5536624008_image_hires_063817.jpg
wolves	/workspaces/ImageRecognition/images/wolves/Img-9210.jpg
wolves	/workspaces/ImageRecognition/images/wolves/images69.jpg
wolves	/workspaces/ImageRecognition/images/wolves/wolf-1352243__480.jpg
wolves	/workspaces/ImageRecognition/images/wolves/images9.jpg
wolves	/workspaces/ImageRecognition/images/wolves/ca_0929NID_Mexican_Wolf_online.jpg
wolves	/workspaces/ImageRecognition/images/wolves/Img-6469.jpg
wolves	/workspaces/ImageRecognition/images/wolves/Img-5424.jpg
wolves	/workspaces/ImageRecognition/images/wolves/images53.jpg
wolves	/workspaces/ImageRecognition/images/wolves/images8.jpg
wolves	/workspaces/ImageRecognition/images/wolves/wolf-2809677__480.jpg
wolves	/workspaces/ImageRecognition/images/wolves/Img-12392.jpg
wolves	/workspaces/ImageRecognition/images/wolves/wolf-3037059__480.jpg
wolves	/workspaces/ImageRecognition/images/wolves/images203.jpg
wolves	/workspaces/ImageRecognition/images/wolves/Img-8108.jpg
wolves	/workspaces/ImageRecognition/images/wolves/Img-3704.jpg
wolves	/workspaces/ImageRecognition/images/wolves/Img-4433.jpg
wolves	/workspaces/ImageRecognition/images/wolves/images113.jpg
wolves	/workspaces/ImageRecognition/images/wolves/images3.jpg
wolves	/workspaces/ImageRecognition/images/wolves/Img-1481.jpg
wolves	/workspaces/ImageRecognition/images/wolves/Img-8633.jpg
wolves	/workspaces/ImageRecognition/images/wolves/Img-12435.jpg
wolves	/workspaces/ImageRecognition/images/wolves/images152.jpg
wolves	/workspaces/ImageRecognition/images/wolves/wolf-1598973__480.jpg
wolves	/workspaces/ImageRecognition/images/wolves/images72.jpg
wolves	/workspaces/ImageRecognition/images/wolves/images247.jpg
wolves	/workspaces/ImageRecognition/images/wolves/Img-3791.jpg
wolves	/workspaces/ImageRecognition/images/wolves/wolf-2186902__480.jpg
wolves	/workspaces/ImageRecognition/images/wolves/Img-9947.jpg
wolves	/workspaces/ImageRecognition/images/wolves/wolf-2846309__480.jpg
wolves	/workspaces/ImageRecognition/images/wolves/images56.jpg
wolves	/workspaces/ImageRecognition/images/wolves/wolf-1504406__480.jpg
wolves	/workspaces/ImageRecognition/images/wolves/nature-animal-wolf-wilderness.jpg
wolves	/workspaces/ImageRecognition/images/wolves/wolf-1440662__480.jpg
wolves	/workspaces/ImageRecognition/images/wolves/Img-4663.jpg
wolves	/workspaces/ImageRecognition/images/wolves/wolf-1284276__480.jpg
wolves	/workspaces/ImageRecognition/images/wolves/Img-9438.jpg
wolves	/workspaces/ImageRecognition/images/wolves/Img-11597.jpg
wolves	/workspaces/ImageRecognition/images/wolves/wolf1.jpg
wolves	/workspaces/ImageRecognition/images/wolves/wolf-4192855__480.jpg
wolves	/workspaces/ImageRecognition/images/wolves/graywolf.jpg
wolves	/workspaces/ImageRecognition/images/wolves/images300.jpg
wolves	/workspaces/ImageRecognition/images/wolves/Img-12738.jpg
wolves	/workspaces/ImageRecognition/images/wolves/image29.jpeg
wolves	/workspaces/ImageRecognition/images/wolves/images356.jpg
wolves	/workspaces/ImageRecognition/images/wolves/Img-3898.jpg
wolves	/workspaces/ImageRecognition/images/wolves/crystal_and_the_pillow.jpg
wolves	/workspaces/ImageRecognition/images/wolves/wolf-1583206__480.jpg
wolves	/workspaces/ImageRecognition/images/wolves/Img-11536.jpg
wolves	/workspaces/ImageRecognition/images/wolves/Img-12641.jpg
wolves	/workspaces/ImageRecognition/images/wolves/Img-8941.jpg
wolves	/workspaces/ImageRecognition/images/wolves/images323.jpg
wolves	/workspaces/ImageRecognition/images/wolves/Img-1305.jpg
wolves	/workspaces/ImageRecognition/images/wolves/_106348479_mediaitem106348478.jpg
wolves	/workspaces/ImageRecognition/images/wolves/wolf-2145949__480.jpg
wolves	/workspaces/ImageRecognition/images/wolves/images348.jpg
wolves	/workspaces/ImageRecognition/images/wolves/images38.jpg
wolves	/workspaces/ImageRecognition/images/wolves/wolf-2826741__480.jpg
wolves	/workspaces/ImageRecognition/images/wolves/wolf-2106894__480.jpg
wolves	/workspaces/ImageRecognition/images/wolves/wolf-1350006__480.jpg
wolves	/workspaces/ImageRecognition/images/wolves/Img-7831.jpg
wolves	/workspaces/ImageRecognition/images/wolves/Img-4887.jpg
wolves	/workspaces/ImageRecognition/images/wolves/Img-8336.jpg
wolves	/workspaces/ImageRecognition/images/wolves/wolf-1145039__480.jpg
wolves	/workspaces/ImageRecognition/images/wolves/images288.jpg
wolves	/workspaces/ImageRecognition/images/wolves/images353.jpg
wolves	/workspaces/ImageRecognition/images/wolves/images61.jpg
wolves	/workspaces/ImageRecognition/images/wolves/Img-9900.jpg
wolves	/workspaces/ImageRecognition/images/wolves/Img-6716.jpg
wolves	/workspaces/ImageRecognition/images/wolves/Img-6653.jpg
wolves	/workspaces/ImageRecognition/images/wolves/images133.jpg
wolves	/workspaces/ImageRecognition/images/wolves/images75.jpg
wolves	/workspaces/ImageRecognition/images/wolves/images189.jpg
wolves	/workspaces/ImageRecognition/images/wolves/Img-3527.jpg
wolves	/workspaces/ImageRecognition/images/wolves/images109.jpg
wolves	/workspaces/ImageRecognition/images/wolves/images279.jpg
wolves	/workspaces/ImageRecognition/images/wolves/Img-3373.jpg
wolves	/workspaces/ImageRecognition/images/wolves/Img-11990.jpg
wolves	/workspaces/ImageRecognition/images/wolves/Img-1883.jpg
wolves	/workspaces/ImageRecognition/images/wolves/wolf-487528__480.jpg
wolves	/workspaces/ImageRecognition/images/wolves/images225.jpg
wolves	/workspaces/ImageRecognition/images/wolves/images108.jpg
wolves	/workspaces/ImageRecognition/images/wolves/husky-2470443__480.jpg
wolves	/workspaces/ImageRecognition/images/wolves/images354.jpg
wolves	/workspaces/ImageRecognition/images/wolves/Img-8604.jpg
wolves	/workspaces/ImageRecognition/images/wolves/Img-7822.jpg
wolves	/workspaces/ImageRecognition/images/wolves/Img-2179.jpg
wolves	/workspaces/ImageRecognition/images/wolves/Img-4335.jpg
wolves	/workspaces/ImageRecognition/images/wolves/wolf-1350143__480.jpg
wolves	/workspaces/ImageRecognition/images/wolves/Img-9377.jpg
wolves	/workspaces/ImageRecognition/images/wolves/Img-1240.jpg
wolves	/workspaces/ImageRecognition/images/wolves/wolf-1227220__480.jpg
wolves	/workspaces/ImageRecognition/images/wolves/images267.jpg
wolves	/workspaces/ImageRecognition/images/wolves/pexels-photo-682375.jpeg
wolves	/workspaces/ImageRecognition/images/wolves/images240.jpg
wolves	/workspaces/ImageRecognition/images/wolves/images366.jpg
wolves	/workspaces/ImageRecognition/images/wolves/images36.jpg
wolves	/workspaces/ImageRecognition/images/wolves/images0.jpg
wolves	/workspaces/ImageRecognition/images/wolves/5364145_062519-kgo-ov-wolf-pups-TN.jpg
wolves	/workspaces/ImageRecognition/images/wolves/image25.jpeg
wolves	/workspaces/ImageRecognition/images/wolves/Gray-wolf (2).jpg
wolves	/workspaces/ImageRecognition/images/wolves/Img-5877.jpg
wolves	/workspaces/ImageRecognition/images/wolves/wolf-3601663__480.jpg
wolves	/workspaces/ImageRecognition/images/wolves/Img-9033.jpg
wolves	/workspaces/ImageRecognition/images/wolves/Img-5208.jpg
wolves	/workspaces/ImageRecognition/images/wolves/Img-6708.jpg
wolves	/workspaces/ImageRecognition/images/wolves/wolf-944834__480.jpg
wolves	/workspaces/ImageRecognition/images/wolves/wolf-1528968__480.jpg
wolves	/workspaces/ImageRecognition/images/wolves/wolf-names-e1528831052890.jpg
wolves	/workspaces/ImageRecognition/images/wolves/Img-1999.jpg
wolves	/workspaces/ImageRecognition/images/wolves/GrayWolf_FlickrCommons_dalliedee_BY-scr.jpg
wolves	/workspaces/ImageRecognition/images/wolves/Img-3257.jpg
wolves	/workspaces/ImageRecognition/images/wolves/images271.jpg
wolves	/workspaces/ImageRecognition/images/wolves/wolf-2242831__480.jpg
wolves	/workspaces/ImageRecognition/images/wolves/images294.jpg
wolves	/workspaces/ImageRecognition/images/wolves/gray-wolf-981634__480.jpg
wolves	/workspaces/ImageRecognition/images/wolves/Img-2310.jpg
wolves	/workspaces/ImageRecognition/images/wolves/Img-7540.jpg
wolves	/workspaces/ImageRecognition/images/wolves/Img-11929.jpg
wolves	/workspaces/ImageRecognition/images/wolves/wolf-91522__480.jpg
wolves	/workspaces/ImageRecognition/images/wolves/Img-5747.jpg
wolves	/workspaces/ImageRecognition/images/wolves/Img-11778.jpg
wolves	/workspaces/ImageRecognition/images/wolves/Img-11027.jpg
wolves	/workspaces/ImageRecognition/images/wolves/Img-6524.jpg
wolves	/workspaces/ImageRecognition/images/wolves/malamute-1149530__480.jpg
wolves	/workspaces/ImageRecognition/images/wolves/Img-387.jpg
wolves	/workspaces/ImageRecognition/images/wolves/Img-11603.jpg
wolves	/workspaces/ImageRecognition/images/wolves/Img-10073.jpg
wolves	/workspaces/ImageRecognition/images/wolves/Img-7802.jpg
wolves	/workspaces/ImageRecognition/images/wolves/wolf-2288533__480.jpg
wolves	/workspaces/ImageRecognition/images/wolves/images122.jpg
wolves	/workspaces/ImageRecognition/images/wolves/images126.jpg
wolves	/workspaces/ImageRecognition/images/wolves/images58.jpg
wolves	/workspaces/ImageRecognition/images/wolves/wolf-1482479__480.jpg
wolves	/workspaces/ImageRecognition/images/wolves/Img-12832.jpg
wolves	/workspaces/ImageRecognition/images/wolves/Img-4746.jpg
wolves	/workspaces/ImageRecognition/images/wolves/Img-11030.jpg
wolves	/workspaces/ImageRecognition/images/wolves/gray-wolf_thumbJPG.jpg
wolves	/workspaces/ImageRecognition/images/wolves/Img-5061.jpg
wolves	/workspaces/ImageRecognition/images/wolves/Img-3665.jpg
wolves	/workspaces/ImageRecognition/images/wolves/Img-12135.jpg
wolves	/workspaces/ImageRecognition/images/wolves/Img-3047.jpg
wolves	/workspaces/ImageRecognition/images/wolves/Img-9268.jpg
wolves	/workspaces/ImageRecognition/images/wolves/wolf-2864647__480.jpg
wolves	/workspaces/ImageRecognition/images/wolves/Img-2751.jpg
wolves	/workspaces/ImageRecognition/images/wolves/Img-5626.jpg
wolves	/workspaces/ImageRecognition/images/wolves/images94.jpg
wolves	/workspaces/ImageRecognition/images/wolves/wolf-1185927__480.jpg
wolves	/workspaces/ImageRecognition/images/wolves/wolf-1990557__480.jpg
wolves	/workspaces/ImageRecognition/images/wolves/images304.jpg
wolves	/workspaces/ImageRecognition/images/wolves/Img-1441.jpg
wolves	/workspaces/ImageRecognition/images/wolves/nature-3342260__480.jpg
wolves	/workspaces/ImageRecognition/images/wolves/Img-8359.jpg
wolves	/workspaces/ImageRecognition/images/wolves/images335.jpg
wolves	/workspaces/ImageRecognition/images/wolves/wolf-534881__480.jpg
wolves	/workspaces/ImageRecognition/images/wolves/images326.jpg
wolves	/workspaces/ImageRecognition/images/wolves/Img-6087.jpg
wolves	/workspaces/ImageRecognition/images/wolves/siberian-husky-4733358__480.jpg
wolves	/workspaces/ImageRecognition/images/wolves/wolf-2042890__480.jpg
wolves	/workspaces/ImageRecognition/images/wolves/wolf-1990559__480.jpg
wolves	/workspaces/ImageRecognition/images/wolves/Img-11845.jpg
wolves	/workspaces/ImageRecognition/images/wolves/images5.jpg
wolves	/workspaces/ImageRecognition/images/wolves/Img-11443.jpg
wolves	/workspaces/ImageRecognition/images/wolves/Img-12944.jpg
wolves	/workspaces/ImageRecognition/images/wolves/nature-3352820__480.jpg
wolves	/workspaces/ImageRecognition/images/wolves/eyes-712125__480.jpg
wolves	/workspaces/ImageRecognition/images/wolves/Img-12614.jpg
wolves	/workspaces/ImageRecognition/images/wolves/images226.jpg
wolves	/workspaces/ImageRecognition/images/wolves/images332.jpg
wolves	/workspaces/ImageRecognition/images/wolves/images310.jpg
wolves	/workspaces/ImageRecognition/images/wolves/wolf-2952937__480.jpg
wolves	/workspaces/ImageRecognition/images/wolves/images93.jpg
wolves	/workspaces/ImageRecognition/images/wolves/images262.jpg
wolves	/workspaces/ImageRecognition/images/wolves/images280.jpg
wolves	/workspaces/ImageRecognition/images/wolves/images258.jpg
wolves	/workspaces/ImageRecognition/images/wolves/polarwolf-2448074__480.jpg
wolves	/workspaces/ImageRecognition/images/wolves/wolf-1341080__480.jpg
wolves	/workspaces/ImageRecognition/images/wolves/Img-9227.jpg
wolves	/workspaces/ImageRecognition/images/wolves/Img-3598.jpg
wolves	/workspaces/ImageRecognition/images/wolves/wolf-cubs.jpg
wolves	/workspaces/ImageRecognition/images/wolves/Img-3815.jpg
wolves	/workspaces/ImageRecognition/images/wolves/Img-5066.jpg
wolves	/workspaces/ImageRecognition/images/wolves/wolf-3216164__480.jpg
wolves	/workspaces/ImageRecognition/images/wolves/nature-3047873__480.jpg
wolves	/workspaces/ImageRecognition/images/wolves/Img-9614.jpg
wolves	/workspaces/ImageRecognition/images/wolves/Img-5890.jpg
wolves	/workspaces/ImageRecognition/images/wolves/wolf-2878678__480.jpg
wolves	/workspaces/ImageRecognition/images/wolves/Img-7570.jpg
wolves	/workspaces/ImageRecognition/images/wolves/images112.jpg
wolves	/workspaces/ImageRecognition/images/wolves/Img-1232.jpg
wolves	/workspaces/ImageRecognition/images/wolves/Img-12255.jpg
wolves	/workspaces/ImageRecognition/images/wolves/Img-4071.jpg
wolves	/workspaces/ImageRecognition/images/wolves/wolf-725381__480.jpg
wolves	/workspaces/ImageRecognition/images/wolves/wolf-3606081__480.jpg
wolves	/workspaces/ImageRecognition/images/wolves/Img-3794.jpg
wolves	/workspaces/ImageRecognition/images/wolves/Img-4432.jpg
wolves	/workspaces/ImageRecognition/images/wolves/Img-12553.jpg
wolves	/workspaces/ImageRecognition/images/wolves/maxresdefault.jpg
wolves	/workspaces/ImageRecognition/images/wolves/Img-7576.jpg
wolves	/workspaces/ImageRecognition/images/wolves/Img-7228.jpg
wolves	/workspaces/ImageRecognition/images/wolves/images90.jpg
wolves	/workspaces/ImageRecognition/images/wolves/Img-4569.jpg
wolves	/workspaces/ImageRecognition/images/wolves/Img-240.jpg
wolves	/workspaces/ImageRecognition/images/wolves/images301.jpg
wolves	/workspaces/ImageRecognition/images/wolves/images200.jpg
wolves	/workspaces/ImageRecognition/images/wolves/wolf-3602953__480.jpg
wolves	/workspaces/ImageRecognition/images/wolves/wolf-2143271__480.jpg
wolves	/workspaces/ImageRecognition/images/wolves/Img-8371.jpg
wolves	/workspaces/ImageRecognition/images/wolves/images230.jpg
wolves	/workspaces/ImageRecognition/images/wolves/Img-11194.jpg
wolves	/workspaces/ImageRecognition/images/wolves/wolf-4788737__480.jpg
wolves	/workspaces/ImageRecognition/images/wolves/images182.jpg
wolves	/workspaces/ImageRecognition/images/wolves/Img-4846.jpg
wolves	/workspaces/ImageRecognition/images/wolves/Img-6456.jpg
wolves	/workspaces/ImageRecognition/images/wolves/images178.jpg
wolves	/workspaces/ImageRecognition/images/wolves/images86.jpg
wolves	/workspaces/ImageRecognition/images/wolves/images11.jpg
wolves	/workspaces/ImageRecognition/images/wolves/images324.jpg
wolves	/workspaces/ImageRecognition/images/wolves/Img-6995.jpg
wolves	/workspaces/ImageRecognition/images/wolves/polarwolf-4686717__480.jpg
wolves	/workspaces/ImageRecognition/images/wolves/Img-1113.jpg
wolves	/workspaces/ImageRecognition/images/wolves/Img-1037.jpg
wolves	/workspaces/ImageRecognition/images/wolves/wolf-112265__480.jpg
wolves	/workspaces/ImageRecognition/images/wolves/Img-7369.jpg
wolves	/workspaces/ImageRecognition/images/wolves/images124.jpg
wolves	/workspaces/ImageRecognition/images/wolves/pexels-photo-682361.jpeg
wolves	/workspaces/ImageRecognition/images/wolves/wolf-2878654__480.jpg
wolves	/workspaces/ImageRecognition/images/wolves/wolf-2096652__480.jpg
wolves	/workspaces/ImageRecognition/images/wolves/images286.jpg
wolves	/workspaces/ImageRecognition/images/wolves/Img-8564.jpg
wolves	/workspaces/ImageRecognition/images/wolves/Img-4559.jpg
wolves	/workspaces/ImageRecognition/images/wolves/images281.jpg
wolves	/workspaces/ImageRecognition/images/wolves/animal-world-3342258__480.jpg
wolves	/workspaces/ImageRecognition/images/wolves/Img-3761.jpg
wolves	/workspaces/ImageRecognition/images/wolves/Img-2875.jpg
wolves	/workspaces/ImageRecognition/images/wolves/howl-495x400.jpg
wolves	/workspaces/ImageRecognition/images/wolves/images27.jpg
wolves	/workspaces/ImageRecognition/images/wolves/Img-1750.jpg
wolves	/workspaces/ImageRecognition/images/wolves/wolf-1227228__480.jpg
wolves	/workspaces/ImageRecognition/images/wolves/images107.jpg
wolves	/workspaces/ImageRecognition/images/wolves/images185.jpg
wolves	/workspaces/ImageRecognition/images/wolves/images114.jpg
wolves	/workspaces/ImageRecognition/images/wolves/Img-2569.jpg
wolves	/workspaces/ImageRecognition/images/wolves/images186.jpg
wolves	/workspaces/ImageRecognition/images/wolves/images198.jpg
wolves	/workspaces/ImageRecognition/images/wolves/Img-19.jpg
wolves	/workspaces/ImageRecognition/images/wolves/wolf-1226698__480.jpg
wolves	/workspaces/ImageRecognition/images/wolves/wolf-3718844__480.jpg
wolves	/workspaces/ImageRecognition/images/wolves/Img-8530.jpg
wolves	/workspaces/ImageRecognition/images/wolves/red-fox-4808560__480.jpg
wolves	/workspaces/ImageRecognition/images/wolves/forest-4681855__480.jpg
wolves	/workspaces/ImageRecognition/images/wolves/images1.jpg
wolves	/workspaces/ImageRecognition/images/wolves/Img-6285.jpg
wolves	/workspaces/ImageRecognition/images/wolves/maned-wolf-3247325__480.jpg
wolves	/workspaces/ImageRecognition/images/wolves/Img-8577.jpg
wolves	/workspaces/ImageRecognition/images/wolves/images161.jpg
wolves	/workspaces/ImageRecognition/images/wolves/Img-3427.jpg
wolves	/workspaces/ImageRecognition/images/wolves/Img-4077.jpg
wolves	/workspaces/ImageRecognition/images/wolves/images327.jpg
wolves	/workspaces/ImageRecognition/images/wolves/images350.jpg
wolves	/workspaces/ImageRecognition/images/wolves/Img-6403.jpg
wolves	/workspaces/ImageRecognition/images/wolves/images317.jpg
wolves	/workspaces/ImageRecognition/images/wolves/Img-9696.jpg
wolves	/workspaces/ImageRecognition/images/wolves/wolf-2183665__480.jpg
wolves	/workspaces/ImageRecognition/images/wolves/gray-wolf-colorado-nc-jt-200107_hpMain_16x9_992.jpg
wolves	/workspaces/ImageRecognition/images/wolves/image20.jpeg
wolves	/workspaces/ImageRecognition/images/wolves/Img-8025.jpg
wolves	/workspaces/ImageRecognition/images/wolves/michael-mazzone-xvLRLLfP22o-unsplash.jpg
wolves	/workspaces/ImageRecognition/images/wolves/animal-1073857__480.jpg
wolves	/workspaces/ImageRecognition/images/wolves/wolf-2800375__480.jpg
wolves	/workspaces/ImageRecognition/images/wolves/Img-12187.jpg
wolves	/workspaces/ImageRecognition/images/wolves/image17.jpeg
wolves	/workspaces/ImageRecognition/images/wolves/wolf-2892025__480.jpg
wolves	/workspaces/ImageRecognition/images/wolves/Img-8730.jpg
wolves	/workspaces/ImageRecognition/images/wolves/wolf-2825049__480.jpg
wolves	/workspaces/ImageRecognition/images/wolves/wolf-4810013__480.jpg
wolves	/workspaces/ImageRecognition/images/wolves/husky-2470438__480.jpg
wolves	/workspaces/ImageRecognition/images/wolves/wolf-2878650__480.jpg
wolves	/workspaces/ImageRecognition/images/wolves/images145.jpg
wolves	/workspaces/ImageRecognition/images/wolves/Img-949.jpg
wolves	/workspaces/ImageRecognition/images/wolves/Img-2333.jpg
wolves	/workspaces/ImageRecognition/images/wolves/Img-10474.jpg
wolves	/workspaces/ImageRecognition/images/wolves/Img-11375.jpg
wolves	/workspaces/ImageRecognition/images/wolves/image11.jpeg
wolves	/workspaces/ImageRecognition/images/wolves/Img-1599.jpg
wolves	/workspaces/ImageRecognition/images/wolves/mammal-3113954__480.jpg
wolves	/workspaces/ImageRecognition/images/wolves/Img-234.jpg
wolves	/workspaces/ImageRecognition/images/wolves/images191.jpg
wolves	/workspaces/ImageRecognition/images/wolves/Img-6761.jpg
wolves	/workspaces/ImageRecognition/images/wolves/5carpathianwolf_365181.jpg
wolves	/workspaces/ImageRecognition/images/wolves/images261.jpg
wolves	/workspaces/ImageRecognition/images/wolves/images303.jpg
wolves	/workspaces/ImageRecognition/images/wolves/wolf-62898__480.jpg
wolves	/workspaces/ImageRecognition/images/wolves/wolf-62894__480.jpg
wolves	/workspaces/ImageRecognition/images/wolves/190307-grey-wolves.jpg
wolves	/workspaces/ImageRecognition/images/wolves/images268.jpg
wolves	/workspaces/ImageRecognition/images/wolves/Img-12895.jpg
wolves	/workspaces/ImageRecognition/images/wolves/wolf-3493698__480.jpg
wolves	/workspaces/ImageRecognition/images/wolves/images83.jpg
wolves	/workspaces/ImageRecognition/images/wolves/wolf-1239994__480.jpg
wolves	/workspaces/ImageRecognition/images/wolves/wolf-3756302__480.jpg
wolves	/workspaces/ImageRecognition/images/wolves/images179.jpg
wolves	/workspaces/ImageRecognition/images/wolves/images104.jpg
wolves	/workspaces/ImageRecognition/images/wolves/wolf-3785368__480.jpg
wolves	/workspaces/ImageRecognition/images/wolves/nature-3341393__480.jpg
wolves	/workspaces/ImageRecognition/images/wolves/wolf-2878890__480.jpg
wolves	/workspaces/ImageRecognition/images/wolves/gray-wolf-2563165__480.jpg
wolves	/workspaces/ImageRecognition/images/wolves/Img-8774.jpg
wolves	/workspaces/ImageRecognition/images/wolves/Img-5755.jpg
wolves	/workspaces/ImageRecognition/images/wolves/images246.jpg
wolves	/workspaces/ImageRecognition/images/wolves/wolf-2705883__480.jpg
wolves	/workspaces/ImageRecognition/images/wolves/wolf-in-sheeps-clothing-2577813__480.jpg
wolves	/workspaces/ImageRecognition/images/wolves/images220.jpg
wolves	/workspaces/ImageRecognition/images/wolves/SRX_WOLF_TRAPPING1.JPG.jpg
wolves	/workspaces/ImageRecognition/images/wolves/Img-10455.jpg
wolves	/workspaces/ImageRecognition/images/wolves/images137.jpg
wolves	/workspaces/ImageRecognition/images/wolves/images48.jpg
wolves	/workspaces/ImageRecognition/images/wolves/Img-8770.jpg
wolves	/workspaces/ImageRecognition/images/wolves/Img-7610.jpg
wolves	/workspaces/ImageRecognition/images/wolves/wolf-4707294__480.jpg
wolves	/workspaces/ImageRecognition/images/wolves/wolf-1388558__480.jpg
wolves	/workspaces/ImageRecognition/images/wolves/Img-6387.jpg
wolves	/workspaces/ImageRecognition/images/wolves/Img-4223.jpg
wolves	/workspaces/ImageRecognition/images/wolves/Img-6932.jpg
wolves	/workspaces/ImageRecognition/images/wolves/mammal-3060543__480.jpg
wolves	/workspaces/ImageRecognition/images/wolves/wolf-2043464__480.jpg
wolves	/workspaces/ImageRecognition/images/wolves/images6.jpg
wolves	/workspaces/ImageRecognition/images/wolves/Img-4859.jpg
wolves	/workspaces/ImageRecognition/images/wolves/images119.jpg
wolves	/workspaces/ImageRecognition/images/wolves/canadian-timber-wolf-4364600__480.jpg
wolves	/workspaces/ImageRecognition/images/wolves/Img-6712.jpg
wolves	/workspaces/ImageRecognition/images/wolves/Img-1061.jpg
wolves	/workspaces/ImageRecognition/images/wolves/wolf-2974728__480.jpg
wolves	/workspaces/ImageRecognition/images/wolves/Img-7154.jpg
wolves	/workspaces/ImageRecognition/images/wolves/images99.jpg
wolves	/workspaces/ImageRecognition/images/wolves/Img-8619.jpg
wolves	/workspaces/ImageRecognition/images/wolves/Img-3049.jpg
wolves	/workspaces/ImageRecognition/images/wolves/Img-8404.jpg
wolves	/workspaces/ImageRecognition/images/wolves/Img-1104.jpg
wolves	/workspaces/ImageRecognition/images/wolves/Img-8119.jpg
wolves	/workspaces/ImageRecognition/images/wolves/Img-8698.jpg
wolves	/workspaces/ImageRecognition/images/wolves/coyote-1808924__480.jpg
wolves	/workspaces/ImageRecognition/images/wolves/wolf-1288686__480.jpg
wolves	/workspaces/ImageRecognition/images/wolves/Img-7637.jpg
wolves	/workspaces/ImageRecognition/images/wolves/Img-5530.jpg
wolves	/workspaces/ImageRecognition/images/wolves/Img-649.jpg
wolves	/workspaces/ImageRecognition/images/wolves/animal-3950960__480.jpg
wolves	/workspaces/ImageRecognition/images/wolves/images295.jpg
wolves	/workspaces/ImageRecognition/images/wolves/Img-3134.jpg
wolves	/workspaces/ImageRecognition/images/wolves/wolf-432928__480.jpg
wolves	/workspaces/ImageRecognition/images/wolves/images265.jpg
wolves	/workspaces/ImageRecognition/images/wolves/images95.jpg
wolves	/workspaces/ImageRecognition/images/wolves/Img-8138.jpg
wolves	/workspaces/ImageRecognition/images/wolves/gray-wolf_649a8429.jpg
wolves	/workspaces/ImageRecognition/images/wolves/wolf-1476505__480.jpg
wolves	/workspaces/ImageRecognition/images/wolves/images125.jpg
wolves	/workspaces/ImageRecognition/images/wolves/Img-6557.jpg
wolves	/workspaces/ImageRecognition/images/wolves/images60.jpg
wolves	/workspaces/ImageRecognition/images/wolves/images257.jpg
wolves	/workspaces/ImageRecognition/images/wolves/Img-6203.jpg
wolves	/workspaces/ImageRecognition/images/wolves/dog-1527299__480.jpg
wolves	/workspaces/ImageRecognition/images/wolves/Img-4754.jpg
wolves	/workspaces/ImageRecognition/images/wolves/wolf-1278553__480.jpg
wolves	/workspaces/ImageRecognition/images/wolves/iStock-1131776312-1024x739.jpg
wolves	/workspaces/ImageRecognition/images/wolves/images311.jpg
wolves	/workspaces/ImageRecognition/images/wolves/Img-2918.jpg
wolves	/workspaces/ImageRecognition/images/wolves/images361.jpg
wolves	/workspaces/ImageRecognition/images/wolves/Img-5764.jpg
wolves	/workspaces/ImageRecognition/images/wolves/images160.jpg
wolves	/workspaces/ImageRecognition/images/wolves/Img-9764.jpg
wolves	/workspaces/ImageRecognition/images/wolves/images129.jpg
wolves	/workspaces/ImageRecognition/images/wolves/Eurasian_wolfJPG.jpg
wolves	/workspaces/ImageRecognition/images/wolves/image16.jpeg
wolves	/workspaces/ImageRecognition/images/wolves/Img-8183.jpg
wolves	/workspaces/ImageRecognition/images/wolves/Img-12326.jpg
wolves	/workspaces/ImageRecognition/images/wolves/wolf-1583199__480.jpg
wolves	/workspaces/ImageRecognition/images/wolves/images234.jpg
wolves	/workspaces/ImageRecognition/images/wolves/Img-2906.jpg
wolves	/workspaces/ImageRecognition/images/wolves/wolf-70671__480.jpg
wolves	/workspaces/ImageRecognition/images/wolves/Img-3103.jpg
wolves	/workspaces/ImageRecognition/images/wolves/images196.jpg
wolves	/workspaces/ImageRecognition/images/wolves/49487066_303.jpg
wolves	/workspaces/ImageRecognition/images/wolves/images47.jpg
wolves	/workspaces/ImageRecognition/images/wolves/himalayan-wolf-pup.jpg
wolves	/workspaces/ImageRecognition/images/wolves/images338.jpg
wolves	/workspaces/ImageRecognition/images/wolves/Img-11471.jpg
wolves	/workspaces/ImageRecognition/images/wolves/wolf-1388610__480.jpg
wolves	/workspaces/ImageRecognition/images/wolves/wolves-3785362__480.jpg
wolves	/workspaces/ImageRecognition/images/wolves/images81.jpg
wolves	/workspaces/ImageRecognition/images/wolves/wolf-3201420__480.jpg
wolves	/workspaces/ImageRecognition/images/wolves/images319.jpg
wolves	/workspaces/ImageRecognition/images/wolves/Img-6116.jpg
wolves	/workspaces/ImageRecognition/images/wolves/Img-683.jpg
wolves	/workspaces/ImageRecognition/images/wolves/Img-11497.jpg
wolves	/workspaces/ImageRecognition/images/wolves/images106.jpg
wolves	/workspaces/ImageRecognition/images/wolves/wolf-1288688__480.jpg
wolves	/workspaces/ImageRecognition/images/wolves/dingo-425058__480.jpg
wolves	/workspaces/ImageRecognition/images/wolves/images330.jpg
wolves	/workspaces/ImageRecognition/images/wolves/wolf-4733787__480.jpg
wolves	/workspaces/ImageRecognition/images/wolves/wolf-1227222__480.jpg
wolves	/workspaces/ImageRecognition/images/wolves/wolves-4774219__480.jpg
wolves	/workspaces/ImageRecognition/images/wolves/images364.jpg
wolves	/workspaces/ImageRecognition/images/wolves/wolf-1329388__480.jpg
wolves	/workspaces/ImageRecognition/images/wolves/Img-1712.jpg
wolves	/workspaces/ImageRecognition/images/wolves/wolf-1990566__480.jpg
wolves	/workspaces/ImageRecognition/images/wolves/images154.jpg
wolves	/workspaces/ImageRecognition/images/wolves/wolf-1364255__480.jpg
wolves	/workspaces/ImageRecognition/images/wolves/images213.jpg
wolves	/workspaces/ImageRecognition/images/wolves/images264.jpg
wolves	/workspaces/ImageRecognition/images/wolves/images245.jpg
wolves	/workspaces/ImageRecognition/images/wolves/Img-9217.jpg
wolves	/workspaces/ImageRecognition/images/wolves/images.jpg
wolves	/workspaces/ImageRecognition/images/wolves/Img-1173.jpg
wolves	/workspaces/ImageRecognition/images/wolves/images52.jpg
wolves	/workspaces/ImageRecognition/images/wolves/Img-6868.jpg
wolves	/workspaces/ImageRecognition/images/wolves/wolf-2792299__480.jpg
wolves	/workspaces/ImageRecognition/images/wolves/Img-1767.jpg
wolves	/workspaces/ImageRecognition/images/wolves/Img-4574.jpg
wolves	/workspaces/ImageRecognition/images/wolves/images98.jpg
wolves	/workspaces/ImageRecognition/images/wolves/Img-4319.jpg
wolves	/workspaces/ImageRecognition/images/wolves/image24.jpeg
wolves	/workspaces/ImageRecognition/images/wolves/wolf-4473227__480.jpg
wolves	/workspaces/ImageRecognition/images/wolves/Img-12467.jpg
wolves	/workspaces/ImageRecognition/images/wolves/images132.jpg
wolves	/workspaces/ImageRecognition/images/wolves/images62.jpg
wolves	/workspaces/ImageRecognition/images/wolves/Img-6264.jpg
wolves	/workspaces/ImageRecognition/images/wolves/Img-10339.jpg
wolves	/workspaces/ImageRecognition/images/wolves/images365.jpg
wolves	/workspaces/ImageRecognition/images/wolves/Img-1066.jpg
wolves	/workspaces/ImageRecognition/images/wolves/Img-8570.jpg
wolves	/workspaces/ImageRecognition/images/wolves/wolf0.jpg
wolves	/workspaces/ImageRecognition/images/wolves/Img-3508.jpg
wolves	/workspaces/ImageRecognition/images/wolves/wolf-2782616__480.jpg
wolves	/workspaces/ImageRecognition/images/wolves/images237.jpg
wolves	/workspaces/ImageRecognition/images/wolves/images343.jpg
wolves	/workspaces/ImageRecognition/images/wolves/wolf-4494222__480.jpg
wolves	/workspaces/ImageRecognition/images/wolves/Img-4159.jpg
wolves	/workspaces/ImageRecognition/images/wolves/image19.jpeg
wolves	/workspaces/ImageRecognition/images/wolves/mammal-3160913__480.jpg
wolves	/workspaces/ImageRecognition/images/wolves/wolf-1992716__480.jpg
wolves	/workspaces/ImageRecognition/images/wolves/zoo-111178__480.jpg
wolves	/workspaces/ImageRecognition/images/wolves/wolves-2058902__480.jpg
wolves	/workspaces/ImageRecognition/images/wolves/animal-3473313__480.jpg
wolves	/workspaces/ImageRecognition/images/wolves/Img-2390.jpg
wolves	/workspaces/ImageRecognition/images/wolves/Img-3980.jpg
wolves	/workspaces/ImageRecognition/images/wolves/Img-10981.jpg
wolves	/workspaces/ImageRecognition/images/wolves/czechoslovakian-wolfdog-750759__480.jpg
wolves	/workspaces/ImageRecognition/images/wolves/wolf-2809680__480.jpg
wolves	/workspaces/ImageRecognition/images/wolves/Img-9280.jpg
wolves	/workspaces/ImageRecognition/images/wolves/wolf-2288538__480.jpg
wolves	/workspaces/ImageRecognition/images/wolves/Img-9089.jpg
wolves	/workspaces/ImageRecognition/images/wolves/Img-9413.jpg
wolves	/workspaces/ImageRecognition/images/wolves/wolf-4562124__480.jpg
wolves	/workspaces/ImageRecognition/images/wolves/Gray-timber-wolf.jpg
wolves	/workspaces/ImageRecognition/images/wolves/US190307A-1024x683.jpg
wolves	/workspaces/ImageRecognition/images/wolves/eurasians-2735337__480.jpg
wolves	/workspaces/ImageRecognition/images/wolves/Img-1165.jpg
wolves	/workspaces/ImageRecognition/images/wolves/images102.jpg
wolves	/workspaces/ImageRecognition/images/wolves/image13.jpeg
wolves	/workspaces/ImageRecognition/images/wolves/polarwolf-2466269__480.jpg
wolves	/workspaces/ImageRecognition/images/wolves/Img-3996.jpg
wolves	/workspaces/ImageRecognition/images/wolves/Img-1105.jpg
wolves	/workspaces/ImageRecognition/images/wolves/f1db07c5-b324-4ca0-b132-1f93810c4f64.jpg
wolves	/workspaces/ImageRecognition/images/wolves/Img-7275.jpg
wolves	/workspaces/ImageRecognition/images/wolves/arctic-wolf-1850247__480.jpg
wolves	/workspaces/ImageRecognition/images/wolves/images297.jpg
wolves	/workspaces/ImageRecognition/images/wolves/image15.jpeg
wolves	/workspaces/ImageRecognition/images/wolves/axelforhomepage.jpg
wolves	/workspaces/ImageRecognition/images/wolves/Img-10725.jpg
wolves	/workspaces/ImageRecognition/images/wolves/Img-321.jpg
wolves	/workspaces/ImageRecognition/images/wolves/Img-2647.jpg
wolves	/workspaces/ImageRecognition/images/wolves/Img-7736.jpg
wolves	/workspaces/ImageRecognition/images/wolves/Img-2076.jpg
wolves	/workspaces/ImageRecognition/images/wolves/Img-3886.jpg
wolves	/workspaces/ImageRecognition/images/wolves/mammal-3057406__480.jpg
wolves	/workspaces/ImageRecognition/images/wolves/images163.jpg
wolves	/workspaces/ImageRecognition/images/wolves/wolf-4240762__480.jpg
wolves	/workspaces/ImageRecognition/images/wolves/Img-368.jpg
wolves	/workspaces/ImageRecognition/images/wolves/images223.jpg
wolves	/workspaces/ImageRecognition/images/wolves/wolf-1350015__480.jpg
wolves	/workspaces/ImageRecognition/images/wolves/image18.jpeg
wolves	/workspaces/ImageRecognition/images/wolves/images204.jpg
wolves	/workspaces/ImageRecognition/images/wolves/Img-4394.jpg
wolves	/workspaces/ImageRecognition/images/wolves/45189092_303.jpg
wolves	/workspaces/ImageRecognition/images/wolves/Img-4242.jpg
wolves	/workspaces/ImageRecognition/images/wolves/wolf-725380__480.jpg
wolves	/workspaces/ImageRecognition/images/wolves/wolf-2102424__480.jpg
wolves	/workspaces/ImageRecognition/images/wolves/images201.jpg
wolves	/workspaces/ImageRecognition/images/wolves/canada-4131643__480.jpg
wolves	/workspaces/ImageRecognition/images/wolves/Img-10919.jpg
wolves	/workspaces/ImageRecognition/images/wolves/wolf-1454540__480.jpg
wolves	/workspaces/ImageRecognition/images/wolves/gray-wolf.jpg
wolves	/workspaces/ImageRecognition/images/wolves/wolf-4334874__480.jpg
wolves	/workspaces/ImageRecognition/images/wolves/wolf-639664__480.jpg
wolves	/workspaces/ImageRecognition/images/wolves/Img-7404.jpg
wolves	/workspaces/ImageRecognition/images/wolves/images71.jpg
wolves	/workspaces/ImageRecognition/images/wolves/Img-9762.jpg
wolves	/workspaces/ImageRecognition/images/wolves/Fotolia_51699465_Subscription_Monthly_M.jpg
wolves	/workspaces/ImageRecognition/images/wolves/images172.jpg
wolves	/workspaces/ImageRecognition/images/wolves/images24.jpg
wolves	/workspaces/ImageRecognition/images/wolves/images276.jpg
wolves	/workspaces/ImageRecognition/images/wolves/wolf-2106653__480.jpg
wolves	/workspaces/ImageRecognition/images/wolves/images67.jpg
wolves	/workspaces/ImageRecognition/images/wolves/images212.jpg
wolves	/workspaces/ImageRecognition/images/wolves/images235.jpg
wolves	/workspaces/ImageRecognition/images/wolves/images150.jpg
wolves	/workspaces/ImageRecognition/images/wolves/images216.jpg
wolves	/workspaces/ImageRecognition/images/wolves/wolf-4303061__480.jpg
wolves	/workspaces/ImageRecognition/images/wolves/wolf-hike-los-angeles-robson-hatsukami-morgan-uDpDycSH2r4-unsplash-1068x712.jpg
wolves	/workspaces/ImageRecognition/images/wolves/images197.jpg
wolves	/workspaces/ImageRecognition/images/wolves/images115.jpg
wolves	/workspaces/ImageRecognition/images/wolves/Img-8708.jpg
wolves	/workspaces/ImageRecognition/images/wolves/Img-4476.jpg
wolves	/workspaces/ImageRecognition/images/wolves/image14.jpeg
wolves	/workspaces/ImageRecognition/images/wolves/images321.jpg
wolves	/workspaces/ImageRecognition/images/wolves/Img-10058.jpg
wolves	/workspaces/ImageRecognition/images/wolves/wolf-1384408__480.jpg
wolves	/workspaces/ImageRecognition/images/wolves/images232.jpg
wolves	/workspaces/ImageRecognition/images/wolves/images207.jpg
wolves	/workspaces/ImageRecognition/images/wolves/Img-5288.jpg
wolves	/workspaces/ImageRecognition/images/wolves/Img-4665.jpg
wolves	/workspaces/ImageRecognition/images/wolves/Img-12492.jpg
wolves	/workspaces/ImageRecognition/images/wolves/Img-9044.jpg
wolves	/workspaces/ImageRecognition/images/wolves/wolf-1350014__480.jpg
wolves	/workspaces/ImageRecognition/images/wolves/wolf-639663__480.jpg
wolves	/workspaces/ImageRecognition/images/wolves/wolf-4656310__480.jpg
wolves	/workspaces/ImageRecognition/images/wolves/images249.jpg
wolves	/workspaces/ImageRecognition/images/wolves/wolf-3760842__480.jpg
wolves	/workspaces/ImageRecognition/images/wolves/Img-103.jpg
wolves	/workspaces/ImageRecognition/images/wolves/Img-2538.jpg
wolves	/workspaces/ImageRecognition/images/wolves/Img-7038.jpg
wolves	/workspaces/ImageRecognition/images/wolves/Img-8628.jpg
wolves	/workspaces/ImageRecognition/images/wolves/Img-9672.jpg
wolves	/workspaces/ImageRecognition/images/wolves/Img-4485.jpg
wolves	/workspaces/ImageRecognition/images/wolves/Img-9659.jpg
wolves	/workspaces/ImageRecognition/images/wolves/wolf-1975823__480.jpg
wolves	/workspaces/ImageRecognition/images/wolves/mammal-3162227__480.jpg
wolves	/workspaces/ImageRecognition/images/wolves/61geOiQlBJL._SY355_.jpg
wolves	/workspaces/ImageRecognition/images/wolves/Img-6921.jpg
wolves	/workspaces/ImageRecognition/images/wolves/wolf-2846317__480.jpg
wolves	/workspaces/ImageRecognition/images/wolves/wolf-2878641__480.jpg
wolves	/workspaces/ImageRecognition/images/wolves/Img-11857.jpg
wolves	/workspaces/ImageRecognition/images/wolves/Img-6564.jpg
wolves	/workspaces/ImageRecognition/images/wolves/images233.jpg
wolves	/workspaces/ImageRecognition/images/wolves/images259.jpg
wolves	/workspaces/ImageRecognition/images/wolves/images299.jpg
wolves	/workspaces/ImageRecognition/images/wolves/husky-4799527__480.jpg
wolves	/workspaces/ImageRecognition/images/wolves/mammal-3342274__480.jpg
wolves	/workspaces/ImageRecognition/images/wolves/Img-3325.jpg
wolves	/workspaces/ImageRecognition/images/wolves/wolf.jpg
wolves	/workspaces/ImageRecognition/images/wolves/Img-2261.jpg
wolves	/workspaces/ImageRecognition/images/wolves/Img-1961.jpg
wolves	/workspaces/ImageRecognition/images/wolves/Img-1805.jpg
wolves	/workspaces/ImageRecognition/images/wolves/Img-2046.jpg
wolves	/workspaces/ImageRecognition/images/wolves/images302.jpg
wolves	/workspaces/ImageRecognition/images/wolves/images46.jpg
wolves	/workspaces/ImageRecognition/images/wolves/Img-3267.jpg
wolves	/workspaces/ImageRecognition/images/wolves/Img-9511.jpg
wolves	/workspaces/ImageRecognition/images/wolves/Img-2205.jpg
wolves	/workspaces/ImageRecognition/images/wolves/wolf-635063__480.jpg
wolves	/workspaces/ImageRecognition/images/wolves/images20.jpg
wolves	/workspaces/ImageRecognition/images/wolves/Img-11324.jpg
wolves	/workspaces/ImageRecognition/images/wolves/Img-8610.jpg
wolves	/workspaces/ImageRecognition/images/wolves/wolf-652364__480.jpg
wolves	/workspaces/ImageRecognition/images/wolves/wolf-20trot-kvAI--621x414LiveMint.jpg
wolves	/workspaces/ImageRecognition/images/wolves/Img-1811.jpg
wolves	/workspaces/ImageRecognition/images/wolves/wolf-3673265__480.jpg
wolves	/workspaces/ImageRecognition/images/wolves/wolf-3675665__480.jpg
wolves	/workspaces/ImageRecognition/images/wolves/wolf-86624__480.jpg
wolves	/workspaces/ImageRecognition/images/wolves/Img-5860.jpg
wolves	/workspaces/ImageRecognition/images/wolves/Img-383.jpg
wolves	/workspaces/ImageRecognition/images/wolves/images40.jpg
wolves	/workspaces/ImageRecognition/images/wolves/Img-9246.jpg
wolves	/workspaces/ImageRecognition/images/wolves/Img-6540.jpg
wolves	/workspaces/ImageRecognition/images/wolves/190607_wolves_full.jpg
wolves	/workspaces/ImageRecognition/images/wolves/images296.jpg
wolves	/workspaces/ImageRecognition/images/wolves/Img-4773.jpg
wolves	/workspaces/ImageRecognition/images/wolves/forest-2423921__480.jpg
wolves	/workspaces/ImageRecognition/images/wolves/images362.jpg
wolves	/workspaces/ImageRecognition/images/wolves/Img-866.jpg
wolves	/workspaces/ImageRecognition/images/wolves/Img-8107.jpg
wolves	/workspaces/ImageRecognition/images/wolves/Img-7737.jpg
wolves	/workspaces/ImageRecognition/images/wolves/Img-11595.jpg
wolves	/workspaces/ImageRecognition/images/wolves/image23.jpeg
wolves	/workspaces/ImageRecognition/images/wolves/Img-705.jpg
wolves	/workspaces/ImageRecognition/images/wolves/Img-10159.jpg
wolves	/workspaces/ImageRecognition/images/wolves/images270.jpg
wolves	/workspaces/ImageRecognition/images/wolves/wolf-1226703__480.jpg
wolves	/workspaces/ImageRecognition/images/wolves/Img-10346.jpg
wolves	/workspaces/ImageRecognition/images/wolves/Img-5142.jpg
wolves	/workspaces/ImageRecognition/images/wolves/wolf-2984865__480.jpg
wolves	/workspaces/ImageRecognition/images/wolves/images315.jpg
wolves	/workspaces/ImageRecognition/images/wolves/wolf-774643__480.jpg
wolves	/workspaces/ImageRecognition/images/wolves/Img-6597.jpg
wolves	/workspaces/ImageRecognition/images/wolves/timber-wolf-508853__480.jpg
wolves	/workspaces/ImageRecognition/images/wolves/Img-6372.jpg
wolves	/workspaces/ImageRecognition/images/wolves/Img-5716.jpg
wolves	/workspaces/ImageRecognition/images/wolves/Img-2116.jpg
wolves	/workspaces/ImageRecognition/images/wolves/wolf-3241382__480.jpg
wolves	/workspaces/ImageRecognition/images/wolves/Img-9876.jpg
wolves	/workspaces/ImageRecognition/images/wolves/images146.jpg
wolves	/workspaces/ImageRecognition/images/wolves/Img-9873.jpg
wolves	/workspaces/ImageRecognition/images/wolves/Img-8204.jpg
wolves	/workspaces/ImageRecognition/images/wolves/images50.jpg
wolves	/workspaces/ImageRecognition/images/wolves/wolf-2782626__480.jpg
wolves	/workspaces/ImageRecognition/images/wolves/images54.jpg
wolves	/workspaces/ImageRecognition/images/wolves/wolf-785244__480.jpg
wolves	/workspaces/ImageRecognition/images/wolves/Img-12926.jpg
wolves	/workspaces/ImageRecognition/images/wolves/Honshu_16x9.jpg
wolves	/workspaces/ImageRecognition/images/wolves/Img-3192.jpg
wolves	/workspaces/ImageRecognition/images/wolves/Img-1406.jpg
wolves	/workspaces/ImageRecognition/images/wolves/images142.jpg
wolves	/workspaces/ImageRecognition/images/wolves/Img-7325.jpg
wolves	/workspaces/ImageRecognition/images/wolves/wolf-1336229__480.jpg
wolves	/workspaces/ImageRecognition/images/wolves/wolf-112271__480.jpg
wolves	/workspaces/ImageRecognition/images/wolves/wolf-1281889__480.jpg
wolves	/workspaces/ImageRecognition/images/wolves/Img-4491.jpg
wolves	/workspaces/ImageRecognition/images/wolves/Img-8357.jpg
wolves	/workspaces/ImageRecognition/images/wolves/dog-3428575__480.jpg
wolves	/workspaces/ImageRecognition/images/wolves/images28.jpg
wolves	/workspaces/ImageRecognition/images/wolves/animal-world-4069094__480.jpg
wolves	/workspaces/ImageRecognition/images/wolves/white-2704666__480.jpg
wolves	/workspaces/ImageRecognition/images/wolves/Img-8811.jpg
wolves	/workspaces/ImageRecognition/images/wolves/images244.jpg
wolves	/workspaces/ImageRecognition/images/wolves/images34.jpg
wolves	/workspaces/ImageRecognition/images/wolves/Img-6651.jpg
wolves	/workspaces/ImageRecognition/images/wolves/images273.jpg
wolves	/workspaces/ImageRecognition/images/wolves/Img-10950.jpg
wolves	/workspaces/ImageRecognition/images/wolves/in-wolf.jpg
wolves	/workspaces/ImageRecognition/images/wolves/images274.jpg
wolves	/workspaces/ImageRecognition/images/wolves/images290.jpg
wolves	/workspaces/ImageRecognition/images/wolves/images277.jpg
wolves	/workspaces/ImageRecognition/images/wolves/images80.jpg
wolves	/workspaces/ImageRecognition/images/wolves/Img-6707.jpg
wolves	/workspaces/ImageRecognition/images/wolves/wolf-4734185__480.jpg
wolves	/workspaces/ImageRecognition/images/wolves/Img-6902.jpg
wolves	/workspaces/ImageRecognition/images/wolves/Img-9086.jpg
wolves	/workspaces/ImageRecognition/images/wolves/Img-10036.jpg
wolves	/workspaces/ImageRecognition/images/wolves/nature-3303721__480.jpg
wolves	/workspaces/ImageRecognition/images/wolves/white-wolf-375613__480.jpg
wolves	/workspaces/ImageRecognition/images/wolves/images84.jpg
wolves	/workspaces/ImageRecognition/images/wolves/Img-6323.jpg
wolves	/workspaces/ImageRecognition/images/wolves/Img-10015.jpg
wolves	/workspaces/ImageRecognition/images/wolves/images73.jpg
wolves	/workspaces/ImageRecognition/images/wolves/Img-3918.jpg
wolves	/workspaces/ImageRecognition/images/wolves/Img-3920.jpg
wolves	/workspaces/ImageRecognition/images/wolves/images229.jpg
wolves	/workspaces/ImageRecognition/images/wolves/image30.jpeg
wolves	/workspaces/ImageRecognition/images/wolves/images100.jpg
wolves	/workspaces/ImageRecognition/images/wolves/wolf-1226704__480.jpg
wolves	/workspaces/ImageRecognition/images/wolves/Img-2481.jpg
wolves	/workspaces/ImageRecognition/images/wolves/images205.jpg
wolves	/workspaces/ImageRecognition/images/wolves/images120.jpg
wolves	/workspaces/ImageRecognition/images/wolves/Img-7193.jpg
wolves	/workspaces/ImageRecognition/images/wolves/images7.jpg
wolves	/workspaces/ImageRecognition/images/wolves/Img-11173.jpg
wolves	/workspaces/ImageRecognition/images/wolves/Img-2356.jpg
wolves	/workspaces/ImageRecognition/images/wolves/images149.jpg
wolves	/workspaces/ImageRecognition/images/wolves/Img-183.jpg
wolves	/workspaces/ImageRecognition/images/wolves/Img-11090.jpg
wolves	/workspaces/ImageRecognition/images/wolves/Img-3561.jpg
wolves	/workspaces/ImageRecognition/images/wolves/images111.jpg
wolves	/workspaces/ImageRecognition/images/wolves/polarwolf-4686720__480.jpg
wolves	/workspaces/ImageRecognition/images/wolves/arctic-wolf-4240696__480.jpg
wolves	/workspaces/ImageRecognition/images/wolves/images190.jpg
wolves	/workspaces/ImageRecognition/images/wolves/Img-4277.jpg
wolves	/workspaces/ImageRecognition/images/wolves/Img-2183.jpg
wolves	/workspaces/ImageRecognition/images/wolves/Img-9826.jpg
wolves	/workspaces/ImageRecognition/images/wolves/images292.jpg
wolves	/workspaces/ImageRecognition/images/wolves/coyote-593160__480.jpg
wolves	/workspaces/ImageRecognition/images/wolves/red_wolf_rebecca_bose_wcc_header.jpg
wolves	/workspaces/ImageRecognition/images/wolves/images76.jpg
wolves	/workspaces/ImageRecognition/images/wolves/Img-11093.jpg
wolves	/workspaces/ImageRecognition/images/wolves/image21.jpeg
wolves	/workspaces/ImageRecognition/images/wolves/Img-148.jpg
wolves	/workspaces/ImageRecognition/images/wolves/Img-1976.jpg
wolves	/workspaces/ImageRecognition/images/wolves/wolf-725388__480.jpg
wolves	/workspaces/ImageRecognition/images/wolves/images242.jpg
wolves	/workspaces/ImageRecognition/images/wolves/images140.jpg
wolves	/workspaces/ImageRecognition/images/wolves/wolf-893372__480.jpg
wolves	/workspaces/ImageRecognition/images/wolves/images138.jpg
wolves	/workspaces/ImageRecognition/images/wolves/Img-4951.jpg
wolves	/workspaces/ImageRecognition/images/wolves/wolf-3484701__480.jpg
wolves	/workspaces/ImageRecognition/images/wolves/arctic-wolf-856802__480.jpg
wolves	/workspaces/ImageRecognition/images/wolves/Img-7312.jpg
wolves	/workspaces/ImageRecognition/images/wolves/banner18-1400x677.jpg
wolves	/workspaces/ImageRecognition/images/wolves/wolf-3151876__480.jpg
wolves	/workspaces/ImageRecognition/images/wolves/images228.jpg
wolves	/workspaces/ImageRecognition/images/wolves/images318.jpg
wolves	/workspaces/ImageRecognition/images/wolves/wolf-1583200__480.jpg
wolves	/workspaces/ImageRecognition/images/wolves/wolf-1104002__480.jpg
wolves	/workspaces/ImageRecognition/images/wolves/Img-6835.jpg
wolves	/workspaces/ImageRecognition/images/wolves/images171.jpg
wolves	/workspaces/ImageRecognition/images/wolves/wolf-4808531__480.jpg
wolves	/workspaces/ImageRecognition/images/wolves/Img-9852.jpg
wolves	/workspaces/ImageRecognition/images/wolves/wolf-3603067__480.jpg
wolves	/workspaces/ImageRecognition/images/wolves/wolf-1122373__480.jpg
wolves	/workspaces/ImageRecognition/images/wolves/Img-7146.jpg
wolves	/workspaces/ImageRecognition/images/wolves/Img-8111.jpg
wolves	/workspaces/ImageRecognition/images/wolves/Img-281.jpg
wolves	/workspaces/ImageRecognition/images/wolves/images45.jpg
wolves	/workspaces/ImageRecognition/images/wolves/Img-10396.jpg
wolves	/workspaces/ImageRecognition/images/wolves/images209.jpg
wolves	/workspaces/ImageRecognition/images/wolves/mammal-3059457__480.jpg
wolves	/workspaces/ImageRecognition/images/wolves/Img-6985.jpg
wolves	/workspaces/ImageRecognition/images/wolves/wolf-2973738__480.jpg
wolves	/workspaces/ImageRecognition/images/wolves/images110.jpg
wolves	/workspaces/ImageRecognition/images/wolves/predator-314430__480.jpg
wolves	/workspaces/ImageRecognition/images/wolves/images306.jpg
wolves	/workspaces/ImageRecognition/images/wolves/howling-wolf-snow.jpg
wolves	/workspaces/ImageRecognition/images/wolves/igs_-_part_10_3_10.jpg
wolves	/workspaces/ImageRecognition/images/wolves/Img-9945.jpg
wolves	/workspaces/ImageRecognition/images/wolves/Img-10110.jpg
wolves	/workspaces/ImageRecognition/images/wolves/images239.jpg
wolves	/workspaces/ImageRecognition/images/wolves/wolf-2321931__480.jpg
wolves	/workspaces/ImageRecognition/images/wolves/wolf-4191896__480.png
wolves	/workspaces/ImageRecognition/images/wolves/wolf-57019__480.jpg
wolves	/workspaces/ImageRecognition/images/wolves/wallpaper-4106643__480.jpg
wolves	/workspaces/ImageRecognition/images/wolves/Img-11683.jpg
wolves	/workspaces/ImageRecognition/images/wolves/images269.jpg
wolves	/workspaces/ImageRecognition/images/wolves/animals-1060594__480.jpg
wolves	/workspaces/ImageRecognition/images/wolves/Img-4285.jpg
wolves	/workspaces/ImageRecognition/images/wolves/images349.jpg
wolves	/workspaces/ImageRecognition/images/wolves/wolf-3151867__480.jpg
wolves	/workspaces/ImageRecognition/images/wolves/images291.jpg
wolves	/workspaces/ImageRecognition/images/wolves/Img-11034.jpg
wolves	/workspaces/ImageRecognition/images/wolves/wolves-2875085__480.jpg
wolves	/workspaces/ImageRecognition/images/wolves/Img-6337.jpg
wolves	/workspaces/ImageRecognition/images/wolves/images342.jpg
wolves	/workspaces/ImageRecognition/images/wolves/Img-7476.jpg
wolves	/workspaces/ImageRecognition/images/wolves/41500552_303.jpg
wolves	/workspaces/ImageRecognition/images/wolves/Img-12592.jpg
wolves	/workspaces/ImageRecognition/images/wolves/Img-3883.jpg
wolves	/workspaces/ImageRecognition/images/wolves/images227.jpg
wolves	/workspaces/ImageRecognition/images/wolves/Img-9525.jpg
wolves	/workspaces/ImageRecognition/images/wolves/maxresdefault0.jpg
wolves	/workspaces/ImageRecognition/images/wolves/wolf-3240992__480.jpg
wolves	/workspaces/ImageRecognition/images/wolves/image22.jpeg
wolves	/workspaces/ImageRecognition/images/wolves/Img-9526.jpg
wolves	/workspaces/ImageRecognition/images/wolves/wolf-386345__480.jpg
wolves	/workspaces/ImageRecognition/images/wolves/Img-704.jpg
wolves	/workspaces/ImageRecognition/images/wolves/Img-9204.jpg
wolves	/workspaces/ImageRecognition/images/wolves/wolf-1288683__480.jpg
wolves	/workspaces/ImageRecognition/images/wolves/mammal-3192248__480.jpg
wolves	/workspaces/ImageRecognition/images/wolves/wolf-1458802__480.jpg
wolves	/workspaces/ImageRecognition/images/wolves/Img-1834.jpg
wolves	/workspaces/ImageRecognition/images/wolves/Img-6893.jpg
wolves	/workspaces/ImageRecognition/images/wolves/images123.jpg
wolves	/workspaces/ImageRecognition/images/wolves/Img-10912.jpg
wolves	/workspaces/ImageRecognition/images/wolves/Winter-wolf-snow_-_West_Virginia_-_ForestWander.jpg
wolves	/workspaces/ImageRecognition/images/wolves/Img-3316.jpg
wolves	/workspaces/ImageRecognition/images/wolves/wolf-2518146__480.jpg
wolves	/workspaces/ImageRecognition/images/wolves/Img-12734.jpg
wolves	/workspaces/ImageRecognition/images/wolves/Img-7894.jpg
wolves	/workspaces/ImageRecognition/images/wolves/Img-7221.jpg
wolves	/workspaces/ImageRecognition/images/wolves/wolf-1336224__480.jpg
wolves	/workspaces/ImageRecognition/images/wolves/images59.jpg
wolves	/workspaces/ImageRecognition/images/wolves/images42.jpg
wolves	/workspaces/ImageRecognition/images/wolves/Img-9601.jpg
wolves	/workspaces/ImageRecognition/images/wolves/Img-11974.jpg
wolves	/workspaces/ImageRecognition/images/wolves/wolf-3577956__480.jpg
wolves	/workspaces/ImageRecognition/images/wolves/Img-9907.jpg
wolves	/workspaces/ImageRecognition/images/wolves/images51.jpg
wolves	/workspaces/ImageRecognition/images/wolves/Img-10780.jpg
wolves	/workspaces/ImageRecognition/images/wolves/_109106949_meandkalani_photographeradelebarclay.jpg
wolves	/workspaces/ImageRecognition/images/wolves/images339.jpg
wolves	/workspaces/ImageRecognition/images/wolves/wolf-3238077__480.jpg
wolves	/workspaces/ImageRecognition/images/wolves/images289.jpg
wolves	/workspaces/ImageRecognition/images/wolves/images314.jpg
wolves	/workspaces/ImageRecognition/images/wolves/wolf-3595574__480.jpg
wolves	/workspaces/ImageRecognition/images/wolves/Img-5190.jpg
wolves	/workspaces/ImageRecognition/images/wolves/images96.jpg
wolves	/workspaces/ImageRecognition/images/wolves/wolf-1227219__480.jpg
wolves	/workspaces/ImageRecognition/images/wolves/wolf-4192857__480.jpg
wolves	/workspaces/ImageRecognition/images/wolves/Img-8526.jpg
wolves	/workspaces/ImageRecognition/images/wolves/Img-418.jpg
wolves	/workspaces/ImageRecognition/images/wolves/Img-5393.jpg
wolves	/workspaces/ImageRecognition/images/wolves/image28.jpeg
wolves	/workspaces/ImageRecognition/images/wolves/Img-9.jpg
wolves	/workspaces/ImageRecognition/images/wolves/Img-308.jpg
wolves	/workspaces/ImageRecognition/images/wolves/images206.jpg
wolves	/workspaces/ImageRecognition/images/wolves/Img-9779.jpg
wolves	/workspaces/ImageRecognition/images/wolves/Img-3349.jpg
wolves	/workspaces/ImageRecognition/images/wolves/wolf-3581809__480.jpg
wolves	/workspaces/ImageRecognition/images/wolves/Img-11002.jpg
wolves	/workspaces/ImageRecognition/images/wolves/Img-7752.jpg
wolves	/workspaces/ImageRecognition/images/wolves/images282.jpg
wolves	/workspaces/ImageRecognition/images/wolves/Img-8123.jpg
wolves	/workspaces/ImageRecognition/images/wolves/wolf-3241002__480.jpg
wolves	/workspaces/ImageRecognition/images/wolves/images14.jpg
wolves	/workspaces/ImageRecognition/images/wolves/Img-11774.jpg
wolves	/workspaces/ImageRecognition/images/wolves/wolf-3698242__480.jpg
wolves	/workspaces/ImageRecognition/images/wolves/wolf-386344__480.jpg
wolves	/workspaces/ImageRecognition/images/wolves/images157.jpg
wolves	/workspaces/ImageRecognition/images/wolves/images199.jpg
wolves	/workspaces/ImageRecognition/images/wolves/snow-4809304__480.jpg
wolves	/workspaces/ImageRecognition/images/wolves/images37.jpg
wolves	/workspaces/ImageRecognition/images/wolves/Img-578.jpg
wolves	/workspaces/ImageRecognition/images/wolves/Img-12747.jpg
wolves	/workspaces/ImageRecognition/images/wolves/wolf-383928__480.jpg
wolves	/workspaces/ImageRecognition/images/wolves/Img-2061.jpg
wolves	/workspaces/ImageRecognition/images/wolves/Img-8836.jpg
wolves	/workspaces/ImageRecognition/images/wolves/Img-8061.jpg
wolves	/workspaces/ImageRecognition/images/wolves/wolf-1341079__480.jpg
wolves	/workspaces/ImageRecognition/images/wolves/images202.jpg
wolves	/workspaces/ImageRecognition/images/wolves/wolf-3280842__480.jpg
wolves	/workspaces/ImageRecognition/images/wolves/wolf-1173582__480.jpg
wolves	/workspaces/ImageRecognition/images/wolves/image26.jpeg
wolves	/workspaces/ImageRecognition/images/wolves/Img-4730.jpg
wolves	/workspaces/ImageRecognition/images/wolves/images144.jpg
wolves	/workspaces/ImageRecognition/images/wolves/wolf-3785365__480.jpg
wolves	/workspaces/ImageRecognition/images/wolves/wolf-2879694__480.jpg
wolves	/workspaces/ImageRecognition/images/wolves/images187.jpg
wolves	/workspaces/ImageRecognition/images/wolves/Img-1082.jpg
wolves	/workspaces/ImageRecognition/images/wolves/dog-4784471__480.jpg
wolves	/workspaces/ImageRecognition/images/wolves/Img-8843.jpg
wolves	/workspaces/ImageRecognition/images/wolves/Img-7816.jpg
wolves	/workspaces/ImageRecognition/images/wolves/Img-7343.jpg
wolves	/workspaces/ImageRecognition/images/wolves/images101.jpg
wolves	/workspaces/ImageRecognition/images/wolves/Img-9976.jpg
wolves	/workspaces/ImageRecognition/images/wolves/hero_gray_wolf_animals.jpg
wolves	/workspaces/ImageRecognition/images/wolves/Img-854.jpg
wolves	/workspaces/ImageRecognition/images/wolves/images363.jpg
wolves	/workspaces/ImageRecognition/images/wolves/Img-4508.jpg
wolves	/workspaces/ImageRecognition/images/wolves/images170.jpg
wolves	/workspaces/ImageRecognition/images/wolves/wolf-1682752__480.jpg
wolves	/workspaces/ImageRecognition/images/wolves/wolf-3158282__480.jpg
wolves	/workspaces/ImageRecognition/images/wolves/wolf-649934__480.jpg
wolves	/workspaces/ImageRecognition/images/wolves/Img-12352.jpg
wolves	/workspaces/ImageRecognition/images/wolves/images263.jpg
wolves	/workspaces/ImageRecognition/images/wolves/wolf-4331320__480.jpg
wolves	/workspaces/ImageRecognition/images/wolves/Img-9859.jpg
wolves	/workspaces/ImageRecognition/images/wolves/images16.jpg
wolves	/workspaces/ImageRecognition/images/wolves/images248.jpg
wolves	/workspaces/ImageRecognition/images/wolves/Img-9286.jpg
wolves	/workspaces/ImageRecognition/images/wolves/images243.jpg
wolves	/workspaces/ImageRecognition/images/wolves/wolf-1288687__480.jpg
wolves	/workspaces/ImageRecognition/images/wolves/Img-6881.jpg
wolves	/workspaces/ImageRecognition/images/wolves/images260.jpg
wolves	/workspaces/ImageRecognition/images/wolves/Img-2755.jpg
wolves	/workspaces/ImageRecognition/images/wolves/Img-2741.jpg
wolves	/workspaces/ImageRecognition/images/wolves/three-wolves-marching-together-260nw-299796383.jpg
wolves	/workspaces/ImageRecognition/images/wolves/Img-12229.jpg
wolves	/workspaces/ImageRecognition/images/wolves/wolf-690102__480.jpg
wolves	/workspaces/ImageRecognition/images/wolves/wolf-3113817__480.jpg
wolves	/workspaces/ImageRecognition/images/wolves/Img-8088.jpg
wolves	/workspaces/ImageRecognition/images/wolves/images78.jpg
wolves	/workspaces/ImageRecognition/images/wolves/Img-11807.jpg
wolves	/workspaces/ImageRecognition/images/wolves/Img-1376.jpg
wolves	/workspaces/ImageRecognition/images/wolves/wolf-1336705__480.jpg
wolves	/workspaces/ImageRecognition/images/wolves/Img-5420.jpg
wolves	/workspaces/ImageRecognition/images/wolves/image27.jpeg
wolves	/workspaces/ImageRecognition/images/wolves/images236.jpg
wolves	/workspaces/ImageRecognition/images/wolves/Img-1772.jpg
wolves	/workspaces/ImageRecognition/images/wolves/images85.jpg
wolves	/workspaces/ImageRecognition/images/wolves/Img-1344.jpg
wolves	/workspaces/ImageRecognition/images/wolves/Img-5746.jpg
wolves	/workspaces/ImageRecognition/images/wolves/wolf-1278554__480.jpg
wolves	/workspaces/ImageRecognition/images/wolves/images57.jpg
wolves	/workspaces/ImageRecognition/images/wolves/images141.jpg
wolves	/workspaces/ImageRecognition/images/wolves/Img-12436.jpg
wolves	/workspaces/ImageRecognition/images/wolves/Img-11432.jpg
wolves	/workspaces/ImageRecognition/images/wolves/Img-2446.jpg
wolves	/workspaces/ImageRecognition/images/wolves/Img-4175.jpg
wolves	/workspaces/ImageRecognition/images/wolves/wolf-1454539__480.jpg
wolves	/workspaces/ImageRecognition/images/wolves/images316.jpg
wolves	/workspaces/ImageRecognition/images/wolves/Img-200.jpg
wolves	/workspaces/ImageRecognition/images/wolves/images2.jpg
wolves	/workspaces/ImageRecognition/images/wolves/wolf-2401770__480.jpg
wolves	/workspaces/ImageRecognition/images/wolves/Img-10127.jpg
wolves	/workspaces/ImageRecognition/images/wolves/images341.jpg
wolves	/workspaces/ImageRecognition/images/wolves/Img-873.jpg
wolves	/workspaces/ImageRecognition/images/wolves/Img-11113.jpg
wolves	/workspaces/ImageRecognition/images/wolves/Img-3072.jpg
wolves	/workspaces/ImageRecognition/images/wolves/pexels-photo-416118-686x371.jpeg
wolves	/workspaces/ImageRecognition/images/wolves/Img-497.jpg
wolves	/workspaces/ImageRecognition/images/wolves/Img-10289.jpg
wolves	/workspaces/ImageRecognition/images/wolves/nature-3273963__480.jpg
wolves	/workspaces/ImageRecognition/images/wolves/Img-5929.jpg
wolves	/workspaces/ImageRecognition/images/wolves/Img-4253.jpg
wolves	/workspaces/ImageRecognition/images/wolves/Img-10021.jpg
wolves	/workspaces/ImageRecognition/images/wolves/images158.jpg
wolves	/workspaces/ImageRecognition/images/wolves/Img-9984.jpg
wolves	/workspaces/ImageRecognition/images/wolves/images134.jpg
wolves	/workspaces/ImageRecognition/images/wolves/wldpresa1_rm_00110547_2400.jpg
wolves	/workspaces/ImageRecognition/images/wolves/images344.jpg
wolves	/workspaces/ImageRecognition/images/wolves/images131.jpg
wolves	/workspaces/ImageRecognition/images/wolves/images250.jpg
wolves	/workspaces/ImageRecognition/images/wolves/images272.jpg
wolves	/workspaces/ImageRecognition/images/wolves/wolf-1336231__480.jpg
wolves	/workspaces/ImageRecognition/images/wolves/wolf-236765.jpg
wolves	/workspaces/ImageRecognition/images/wolves/Img-5942.jpg
wolves	/workspaces/ImageRecognition/images/wolves/images175.jpg
wolves	/workspaces/ImageRecognition/images/wolves/snow-3200172__480.jpg
wolves	/workspaces/ImageRecognition/images/wolves/animal-1836642__480.jpg
wolves	/workspaces/ImageRecognition/images/wolves/gray-wolf-endangered-thumb-s.png
wolves	/workspaces/ImageRecognition/images/wolves/images30.jpg
wolves	/workspaces/ImageRecognition/images/wolves/images44.jpg
wolves	/workspaces/ImageRecognition/images/wolves/Img-1235.jpg
wolves	/workspaces/ImageRecognition/images/wolves/wolf-4483675__480.jpg
wolves	/workspaces/ImageRecognition/images/wolves/images358.jpg
wolves	/workspaces/ImageRecognition/images/wolves/Img-2728.jpg
wolves	/workspaces/ImageRecognition/images/wolves/Img-5290.jpg
wolves	/workspaces/ImageRecognition/images/wolves/Img-9342.jpg
wolves	/workspaces/ImageRecognition/images/wolves/X2303014-565x290.jpg
wolves	/workspaces/ImageRecognition/images/wolves/wolf-3606082__480.jpg
wolves	/workspaces/ImageRecognition/images/wolves/Img-1440.jpg
wolves	/workspaces/ImageRecognition/images/wolves/Img-4536.jpg
wolves	/workspaces/ImageRecognition/images/wolves/images74.jpg
wolves	/workspaces/ImageRecognition/images/wolves/Img-6554.jpg
wolves	/workspaces/ImageRecognition/images/wolves/Img-11504.jpg
wolves	/workspaces/ImageRecognition/images/wolves/images159.jpg
wolves	/workspaces/ImageRecognition/images/wolves/wolf-1239996__480.jpg
wolves	/workspaces/ImageRecognition/images/wolves/wolf-1239992__480.jpg
wolves	/workspaces/ImageRecognition/images/wolves/Img-12245.jpg
wolves	/workspaces/ImageRecognition/images/wolves/images231.jpg
wolves	/workspaces/ImageRecognition/images/wolves/images79.jpg
wolves	/workspaces/ImageRecognition/images/wolves/Img-3346.jpg
wolves	/workspaces/ImageRecognition/images/wolves/Img-10090.jpg
wolves	/workspaces/ImageRecognition/images/wolves/Img-1648.jpg
wolves	/workspaces/ImageRecognition/images/wolves/Img-7879.jpg
wolves	/workspaces/ImageRecognition/images/wolves/images66.jpg
wolves	/workspaces/ImageRecognition/images/wolves/Img-12285.jpg
wolves	/workspaces/ImageRecognition/images/wolves/images313.jpg
wolves	/workspaces/ImageRecognition/images/wolves/1576008278152.jpeg
